"Time","mppt.I { device: flat }"
2026-05-19 15:35:19,20.410 A
2026-05-19 15:35:20,20.398 A
2026-05-19 15:35:21,20.412 A
2026-05-19 15:35:22,20.382 A
2026-05-19 15:35:23,20.385 A
2026-05-19 15:35:24,20.394 A
2026-05-19 15:35:25,20.395 A
2026-05-19 15:35:26,20.410 A
2026-05-19 15:35:27,20.438 A
2026-05-19 15:35:28,20.453 A
2026-05-19 15:35:29,20.506 A
2026-05-19 15:35:30,20.537 A
2026-05-19 15:35:31,20.574 A
2026-05-19 15:35:32,20.551 A
2026-05-19 15:35:33,20.573 A
2026-05-19 15:35:34,20.544 A
2026-05-19 15:35:35,20.524 A
2026-05-19 15:35:36,20.508 A
2026-05-19 15:35:37,20.531 A
2026-05-19 15:35:38,20.479 A
2026-05-19 15:35:39,20.438 A
2026-05-19 15:35:40,20.424 A
2026-05-19 15:35:41,20.440 A
2026-05-19 15:35:42,20.433 A
2026-05-19 15:35:43,20.447 A
2026-05-19 15:35:44,20.425 A
2026-05-19 15:35:45,20.407 A
2026-05-19 15:35:46,20.419 A
2026-05-19 15:35:47,20.479 A
2026-05-19 15:35:48,20.529 A
2026-05-19 15:35:49,20.541 A
2026-05-19 15:35:50,20.525 A
2026-05-19 15:35:51,20.510 A
2026-05-19 15:35:52,20.548 A
2026-05-19 15:35:53,20.509 A
2026-05-19 15:35:54,20.506 A
2026-05-19 15:35:55,20.507 A
2026-05-19 15:35:56,20.496 A
2026-05-19 15:35:57,20.520 A
2026-05-19 15:35:58,20.516 A
2026-05-19 15:35:59,20.501 A
2026-05-19 15:36:00,20.485 A
2026-05-19 15:36:01,20.477 A
2026-05-19 15:36:02,20.506 A
2026-05-19 15:36:03,20.526 A
2026-05-19 15:36:04,20.549 A
2026-05-19 15:36:05,20.518 A
2026-05-19 15:36:06,20.519 A
2026-05-19 15:36:07,20.526 A
2026-05-19 15:36:08,20.509 A
2026-05-19 15:36:09,20.483 A
2026-05-19 15:36:10,20.473 A
2026-05-19 15:36:11,20.477 A
2026-05-19 15:36:12,20.465 A
2026-05-19 15:36:13,20.433 A
2026-05-19 15:36:14,20.470 A
2026-05-19 15:36:15,20.458 A
2026-05-19 15:36:16,20.418 A
2026-05-19 15:36:17,20.372 A
2026-05-19 15:36:18,20.378 A
2026-05-19 15:36:19,20.386 A
2026-05-19 15:36:20,20.377 A
2026-05-19 15:36:21,20.376 A
2026-05-19 15:36:22,20.457 A
2026-05-19 15:36:23,20.485 A
2026-05-19 15:36:24,20.445 A
2026-05-19 15:36:25,20.458 A
2026-05-19 15:36:26,20.451 A
2026-05-19 15:36:27,20.421 A
2026-05-19 15:36:28,20.403 A
2026-05-19 15:36:29,20.373 A
2026-05-19 15:36:30,20.338 A
2026-05-19 15:36:31,20.314 A
2026-05-19 15:36:32,20.287 A
2026-05-19 15:36:33,20.264 A
2026-05-19 15:36:34,20.264 A
2026-05-19 15:36:35,20.243 A
2026-05-19 15:36:36,20.223 A
2026-05-19 15:36:37,20.219 A
2026-05-19 15:36:38,20.220 A
2026-05-19 15:36:39,20.212 A
2026-05-19 15:36:40,20.201 A
2026-05-19 15:36:41,20.179 A
2026-05-19 15:36:42,20.169 A
2026-05-19 15:36:43,20.182 A
2026-05-19 15:36:44,20.200 A
2026-05-19 15:36:45,20.223 A
2026-05-19 15:36:46,20.234 A
2026-05-19 15:36:47,20.266 A
2026-05-19 15:36:48,20.313 A
2026-05-19 15:36:49,20.300 A
2026-05-19 15:36:50,20.251 A
2026-05-19 15:36:51,20.233 A
2026-05-19 15:36:52,20.216 A
2026-05-19 15:36:53,20.198 A
2026-05-19 15:36:54,20.214 A
2026-05-19 15:36:55,20.248 A
2026-05-19 15:36:56,20.279 A
2026-05-19 15:36:57,20.282 A
2026-05-19 15:36:58,20.358 A
2026-05-19 15:36:59,20.300 A
2026-05-19 15:37:00,20.254 A
2026-05-19 15:37:01,20.232 A
2026-05-19 15:37:02,20.213 A
2026-05-19 15:37:03,20.185 A
2026-05-19 15:37:04,20.178 A
2026-05-19 15:37:05,20.212 A
2026-05-19 15:37:06,20.237 A
2026-05-19 15:37:07,20.278 A
2026-05-19 15:37:08,20.271 A
2026-05-19 15:37:09,20.251 A
2026-05-19 15:37:10,20.270 A
2026-05-19 15:37:11,20.325 A
2026-05-19 15:37:12,20.301 A
2026-05-19 15:37:13,20.294 A
2026-05-19 15:37:14,20.253 A
2026-05-19 15:37:15,20.290 A
2026-05-19 15:37:16,20.327 A
2026-05-19 15:37:17,20.317 A
2026-05-19 15:37:18,20.264 A
2026-05-19 15:37:19,20.215 A
2026-05-19 15:37:20,20.209 A
2026-05-19 15:37:21,20.186 A
2026-05-19 15:37:22,20.160 A
2026-05-19 15:37:23,20.147 A
2026-05-19 15:37:24,20.133 A
2026-05-19 15:37:25,20.175 A
2026-05-19 15:37:26,20.192 A
2026-05-19 15:37:27,20.291 A
2026-05-19 15:37:28,20.345 A
2026-05-19 15:37:29,20.385 A
2026-05-19 15:37:30,20.364 A
2026-05-19 15:37:31,20.310 A
2026-05-19 15:37:32,20.311 A
2026-05-19 15:37:33,20.283 A
2026-05-19 15:37:34,20.306 A
2026-05-19 15:37:35,20.299 A
2026-05-19 15:37:36,20.289 A
2026-05-19 15:37:37,20.327 A
2026-05-19 15:37:38,20.326 A
2026-05-19 15:37:39,20.333 A
2026-05-19 15:37:40,20.358 A
2026-05-19 15:37:41,20.338 A
2026-05-19 15:37:42,20.291 A
2026-05-19 15:37:43,20.312 A
2026-05-19 15:37:44,20.331 A
2026-05-19 15:37:45,20.310 A
2026-05-19 15:37:46,20.350 A
2026-05-19 15:37:47,20.301 A
2026-05-19 15:37:48,20.318 A
2026-05-19 15:37:49,20.278 A
2026-05-19 15:37:50,20.222 A
2026-05-19 15:37:51,20.225 A
2026-05-19 15:37:52,20.187 A
2026-05-19 15:37:53,20.188 A
2026-05-19 15:37:54,20.160 A
2026-05-19 15:37:55,20.185 A
2026-05-19 15:37:56,20.212 A
2026-05-19 15:37:57,20.229 A
2026-05-19 15:37:58,20.295 A
2026-05-19 15:37:59,20.342 A
2026-05-19 15:38:00,20.335 A
2026-05-19 15:38:01,20.326 A
2026-05-19 15:38:02,20.292 A
2026-05-19 15:38:03,20.286 A
2026-05-19 15:38:04,20.296 A
2026-05-19 15:38:05,20.268 A
2026-05-19 15:38:06,20.279 A
2026-05-19 15:38:07,20.277 A
2026-05-19 15:38:08,20.266 A
2026-05-19 15:38:09,20.277 A
2026-05-19 15:38:10,20.304 A
2026-05-19 15:38:11,20.270 A
2026-05-19 15:38:12,20.268 A
2026-05-19 15:38:13,20.316 A
2026-05-19 15:38:14,20.301 A
2026-05-19 15:38:15,20.244 A
2026-05-19 15:38:16,20.280 A
2026-05-19 15:38:17,20.266 A
2026-05-19 15:38:18,20.287 A
2026-05-19 15:38:19,20.262 A
2026-05-19 15:38:20,20.268 A
2026-05-19 15:38:21,20.161 A
2026-05-19 15:38:22,20.175 A
2026-05-19 15:38:23,20.256 A
2026-05-19 15:38:24,20.270 A
2026-05-19 15:38:25,20.247 A
2026-05-19 15:38:26,20.259 A
2026-05-19 15:38:27,20.253 A
2026-05-19 15:38:28,20.236 A
2026-05-19 15:38:29,20.157 A
2026-05-19 15:38:30,20.129 A
2026-05-19 15:38:31,20.172 A
2026-05-19 15:38:32,20.207 A
2026-05-19 15:38:33,20.166 A
2026-05-19 15:38:34,20.181 A
2026-05-19 15:38:35,20.153 A
2026-05-19 15:38:36,20.115 A
2026-05-19 15:38:37,20.105 A
2026-05-19 15:38:38,20.071 A
2026-05-19 15:38:39,20.074 A
2026-05-19 15:38:40,20.070 A
2026-05-19 15:38:41,20.068 A
2026-05-19 15:38:42,20.049 A
2026-05-19 15:38:43,20.100 A
2026-05-19 15:38:44,20.096 A
2026-05-19 15:38:45,20.074 A
2026-05-19 15:38:46,20.068 A
2026-05-19 15:38:47,20.090 A
2026-05-19 15:38:48,20.184 A
2026-05-19 15:38:49,20.132 A
2026-05-19 15:38:50,20.092 A
2026-05-19 15:38:51,20.064 A
2026-05-19 15:38:52,20.018 A
2026-05-19 15:38:53,20.122 A
2026-05-19 15:38:54,20.146 A
2026-05-19 15:38:55,20.121 A
2026-05-19 15:38:56,19.934 A
2026-05-19 15:38:57,19.977 A
2026-05-19 15:38:58,20.105 A
2026-05-19 15:38:59,20.123 A
2026-05-19 15:39:00,20.089 A
2026-05-19 15:39:01,19.999 A
2026-05-19 15:39:02,20.027 A
2026-05-19 15:39:03,20.126 A
2026-05-19 15:39:04,20.031 A
2026-05-19 15:39:05,20.013 A
2026-05-19 15:39:06,20.085 A
2026-05-19 15:39:07,20.084 A
2026-05-19 15:39:08,20.046 A
2026-05-19 15:39:09,20.074 A
2026-05-19 15:39:10,20.086 A
2026-05-19 15:39:11,20.065 A
2026-05-19 15:39:12,20.103 A
2026-05-19 15:39:13,20.129 A
2026-05-19 15:39:14,20.067 A
2026-05-19 15:39:15,20.105 A
2026-05-19 15:39:16,19.991 A
2026-05-19 15:39:17,20.116 A
2026-05-19 15:39:18,20.137 A
2026-05-19 15:39:19,20.139 A
2026-05-19 15:39:20,20.123 A
2026-05-19 15:39:21,20.141 A
2026-05-19 15:39:22,20.148 A
2026-05-19 15:39:23,20.150 A
2026-05-19 15:39:24,20.167 A
2026-05-19 15:39:25,20.152 A
2026-05-19 15:39:26,20.129 A
2026-05-19 15:39:27,20.118 A
2026-05-19 15:39:28,20.108 A
2026-05-19 15:39:29,20.127 A
2026-05-19 15:39:30,20.130 A
2026-05-19 15:39:31,20.124 A
2026-05-19 15:39:32,20.131 A
2026-05-19 15:39:33,20.156 A
2026-05-19 15:39:34,20.141 A
2026-05-19 15:39:35,20.149 A
2026-05-19 15:39:36,20.138 A
2026-05-19 15:39:37,20.132 A
2026-05-19 15:39:38,20.078 A
2026-05-19 15:39:39,20.080 A
2026-05-19 15:39:40,20.055 A
2026-05-19 15:39:41,20.046 A
2026-05-19 15:39:42,20.021 A
2026-05-19 15:39:43,20.042 A
2026-05-19 15:39:44,20.095 A
2026-05-19 15:39:45,20.148 A
2026-05-19 15:39:46,20.161 A
2026-05-19 15:39:47,20.148 A
2026-05-19 15:39:48,20.128 A
2026-05-19 15:39:49,20.124 A
2026-05-19 15:39:50,20.141 A
2026-05-19 15:39:51,20.127 A
2026-05-19 15:39:52,20.102 A
2026-05-19 15:39:53,20.117 A
2026-05-19 15:39:54,20.107 A
2026-05-19 15:39:55,20.072 A
2026-05-19 15:39:56,20.034 A
2026-05-19 15:39:57,20.011 A
2026-05-19 15:39:58,19.967 A
2026-05-19 15:39:59,20.018 A
2026-05-19 15:40:00,20.064 A
2026-05-19 15:40:01,20.091 A
2026-05-19 15:40:02,20.089 A
2026-05-19 15:40:03,20.056 A
2026-05-19 15:40:04,20.055 A
2026-05-19 15:40:05,20.040 A
2026-05-19 15:40:06,20.051 A
2026-05-19 15:40:07,20.065 A
2026-05-19 15:40:08,20.057 A
2026-05-19 15:40:09,20.064 A
2026-05-19 15:40:10,20.015 A
2026-05-19 15:40:11,19.978 A
2026-05-19 15:40:12,19.981 A
2026-05-19 15:40:13,19.988 A
2026-05-19 15:40:14,19.957 A
2026-05-19 15:40:15,19.948 A
2026-05-19 15:40:16,19.908 A
2026-05-19 15:40:17,19.917 A
2026-05-19 15:40:18,19.901 A
2026-05-19 15:40:19,19.912 A
2026-05-19 15:40:20,19.867 A
2026-05-19 15:40:21,19.868 A
2026-05-19 15:40:22,19.859 A
2026-05-19 15:40:23,19.850 A
2026-05-19 15:40:24,19.871 A
2026-05-19 15:40:25,19.857 A
2026-05-19 15:40:26,19.809 A
2026-05-19 15:40:27,19.823 A
2026-05-19 15:40:28,19.812 A
2026-05-19 15:40:29,19.806 A
2026-05-19 15:40:30,19.798 A
2026-05-19 15:40:31,19.787 A
2026-05-19 15:40:32,19.753 A
2026-05-19 15:40:33,19.769 A
2026-05-19 15:40:34,19.779 A
2026-05-19 15:40:35,19.760 A
2026-05-19 15:40:36,19.755 A
2026-05-19 15:40:37,19.813 A
2026-05-19 15:40:38,19.830 A
2026-05-19 15:40:39,19.847 A
2026-05-19 15:40:40,19.857 A
2026-05-19 15:40:41,19.898 A
2026-05-19 15:40:42,19.932 A
2026-05-19 15:40:43,19.991 A
2026-05-19 15:40:44,20.023 A
2026-05-19 15:40:45,20.061 A
2026-05-19 15:40:46,20.051 A
2026-05-19 15:40:47,14.841 A
2026-05-19 15:40:48,7.659 mA
2026-05-19 15:40:49,212.977 mA
2026-05-19 15:40:50,890.957 mA
2026-05-19 15:40:51,2.008 A
2026-05-19 15:40:52,3.417 A
2026-05-19 15:40:53,12.201 A
2026-05-19 15:40:54,19.788 A
2026-05-19 15:40:55,19.219 A
2026-05-19 15:40:56,18.021 A
2026-05-19 15:40:57,18.024 A
2026-05-19 15:40:58,17.600 A
2026-05-19 15:40:59,16.582 A
2026-05-19 15:41:00,15.526 A
2026-05-19 15:41:01,14.446 A
2026-05-19 15:41:02,13.534 A
2026-05-19 15:41:03,13.501 A
2026-05-19 15:41:04,16.551 A
2026-05-19 15:41:05,18.862 A
2026-05-19 15:41:06,19.806 A
2026-05-19 15:41:07,19.824 A
2026-05-19 15:41:08,19.826 A
2026-05-19 15:41:09,19.795 A
2026-05-19 15:41:10,19.807 A
2026-05-19 15:41:11,19.788 A
2026-05-19 15:41:12,19.798 A
2026-05-19 15:41:13,19.794 A
2026-05-19 15:41:14,19.802 A
2026-05-19 15:41:15,19.813 A
2026-05-19 15:41:16,19.818 A
2026-05-19 15:41:17,19.798 A
2026-05-19 15:41:18,19.784 A
2026-05-19 15:41:19,19.773 A
2026-05-19 15:41:20,19.770 A
2026-05-19 15:41:21,19.783 A
2026-05-19 15:41:22,19.794 A
2026-05-19 15:41:23,19.821 A
2026-05-19 15:41:24,19.800 A
2026-05-19 15:41:25,19.787 A
2026-05-19 15:41:26,19.812 A
2026-05-19 15:41:27,19.826 A
2026-05-19 15:41:28,19.801 A
2026-05-19 15:41:29,19.783 A
2026-05-19 15:41:30,19.797 A
2026-05-19 15:41:31,19.792 A
2026-05-19 15:41:32,19.754 A
2026-05-19 15:41:33,19.779 A
2026-05-19 15:41:34,19.764 A
2026-05-19 15:41:35,19.788 A
2026-05-19 15:41:36,19.837 A
2026-05-19 15:41:37,19.850 A
2026-05-19 15:41:38,19.860 A
2026-05-19 15:41:39,19.854 A
2026-05-19 15:41:40,19.903 A
2026-05-19 15:41:41,19.922 A
2026-05-19 15:41:42,19.946 A
2026-05-19 15:41:43,19.951 A
2026-05-19 15:41:44,19.934 A
2026-05-19 15:41:45,19.908 A
2026-05-19 15:41:46,19.929 A
2026-05-19 15:41:47,19.927 A
2026-05-19 15:41:48,19.910 A
2026-05-19 15:41:49,19.968 A
2026-05-19 15:41:50,19.941 A
2026-05-19 15:41:51,19.973 A
2026-05-19 15:41:52,20.017 A
2026-05-19 15:41:53,20.014 A
2026-05-19 15:41:54,19.991 A
2026-05-19 15:41:55,20.009 A
2026-05-19 15:41:56,20.027 A
2026-05-19 15:41:57,20.044 A
2026-05-19 15:41:58,20.031 A
2026-05-19 15:41:59,20.028 A
2026-05-19 15:42:00,20.080 A
2026-05-19 15:42:01,20.058 A
2026-05-19 15:42:02,20.067 A
2026-05-19 15:42:03,20.087 A
2026-05-19 15:42:04,20.104 A
2026-05-19 15:42:05,20.050 A
2026-05-19 15:42:06,20.074 A
2026-05-19 15:42:07,20.070 A
2026-05-19 15:42:08,20.059 A
2026-05-19 15:42:09,20.071 A
2026-05-19 15:42:10,20.046 A
2026-05-19 15:42:11,20.037 A
2026-05-19 15:42:12,20.023 A
2026-05-19 15:42:13,20.062 A
2026-05-19 15:42:14,20.001 A
2026-05-19 15:42:15,20.001 A
2026-05-19 15:42:16,20.051 A
2026-05-19 15:42:17,20.037 A
2026-05-19 15:42:18,20.029 A
2026-05-19 15:42:19,20.057 A
2026-05-19 15:42:20,20.060 A
2026-05-19 15:42:21,20.056 A
2026-05-19 15:42:22,20.013 A
2026-05-19 15:42:23,20.073 A
2026-05-19 15:42:24,20.052 A
2026-05-19 15:42:25,20.025 A
2026-05-19 15:42:26,20.071 A
2026-05-19 15:42:27,20.031 A
2026-05-19 15:42:28,20.007 A
2026-05-19 15:42:29,20.015 A
2026-05-19 15:42:30,19.990 A
2026-05-19 15:42:31,19.978 A
2026-05-19 15:42:32,19.984 A
2026-05-19 15:42:33,19.974 A
2026-05-19 15:42:34,19.951 A
2026-05-19 15:42:35,19.968 A
2026-05-19 15:42:36,19.981 A
2026-05-19 15:42:37,19.923 A
2026-05-19 15:42:38,19.944 A
2026-05-19 15:42:39,19.939 A
2026-05-19 15:42:40,19.879 A
2026-05-19 15:42:41,19.892 A
2026-05-19 15:42:42,19.886 A
2026-05-19 15:42:43,19.885 A
2026-05-19 15:42:44,19.883 A
2026-05-19 15:42:45,19.873 A
2026-05-19 15:42:46,19.834 A
2026-05-19 15:42:47,19.817 A
2026-05-19 15:42:48,19.813 A
2026-05-19 15:42:49,19.769 A
2026-05-19 15:42:50,19.744 A
2026-05-19 15:42:51,19.771 A
2026-05-19 15:42:52,19.784 A
2026-05-19 15:42:53,19.747 A
2026-05-19 15:42:54,19.754 A
2026-05-19 15:42:55,19.791 A
2026-05-19 15:42:56,19.826 A
2026-05-19 15:42:57,19.825 A
2026-05-19 15:42:58,19.842 A
2026-05-19 15:42:59,19.848 A
2026-05-19 15:43:00,19.836 A
2026-05-19 15:43:01,19.871 A
2026-05-19 15:43:02,19.877 A
2026-05-19 15:43:03,19.840 A
2026-05-19 15:43:04,19.849 A
2026-05-19 15:43:05,19.845 A
2026-05-19 15:43:06,19.798 A
2026-05-19 15:43:07,19.832 A
2026-05-19 15:43:08,19.867 A
2026-05-19 15:43:09,19.854 A
2026-05-19 15:43:10,19.829 A
2026-05-19 15:43:11,19.904 A
2026-05-19 15:43:12,19.912 A
2026-05-19 15:43:13,19.870 A
2026-05-19 15:43:14,19.862 A
2026-05-19 15:43:15,19.828 A
2026-05-19 15:43:16,19.791 A
2026-05-19 15:43:17,19.874 A
2026-05-19 15:43:18,19.907 A
2026-05-19 15:43:19,19.932 A
2026-05-19 15:43:20,19.954 A
2026-05-19 15:43:21,19.991 A
2026-05-19 15:43:22,20.021 A
2026-05-19 15:43:23,20.009 A
2026-05-19 15:43:24,20.008 A
2026-05-19 15:43:25,20.016 A
2026-05-19 15:43:26,19.992 A
2026-05-19 15:43:27,19.981 A
2026-05-19 15:43:28,20.016 A
2026-05-19 15:43:29,19.970 A
2026-05-19 15:43:30,19.991 A
2026-05-19 15:43:31,19.988 A
2026-05-19 15:43:32,19.956 A
2026-05-19 15:43:33,19.950 A
2026-05-19 15:43:34,19.951 A
2026-05-19 15:43:35,19.945 A
2026-05-19 15:43:36,19.935 A
2026-05-19 15:43:37,19.970 A
2026-05-19 15:43:38,20.043 A
2026-05-19 15:43:39,20.141 A
2026-05-19 15:43:40,20.173 A
2026-05-19 15:43:41,20.171 A
2026-05-19 15:43:42,20.181 A
2026-05-19 15:43:43,20.200 A
2026-05-19 15:43:44,20.190 A
2026-05-19 15:43:45,20.158 A
2026-05-19 15:43:46,20.167 A
2026-05-19 15:43:47,20.156 A
2026-05-19 15:43:48,20.153 A
2026-05-19 15:43:49,20.110 A
2026-05-19 15:43:50,20.136 A
2026-05-19 15:43:51,20.100 A
2026-05-19 15:43:52,20.077 A
2026-05-19 15:43:53,20.075 A
2026-05-19 15:43:54,20.100 A
2026-05-19 15:43:55,20.138 A
2026-05-19 15:43:56,20.068 A
2026-05-19 15:43:57,20.096 A
2026-05-19 15:43:58,20.095 A
2026-05-19 15:43:59,20.002 A
2026-05-19 15:44:00,20.132 A
2026-05-19 15:44:01,20.097 A
2026-05-19 15:44:02,20.090 A
2026-05-19 15:44:03,20.029 A
2026-05-19 15:44:04,20.093 A
2026-05-19 15:44:05,20.005 A
2026-05-19 15:44:06,20.084 A
2026-05-19 15:44:07,19.905 A
2026-05-19 15:44:08,20.096 A
2026-05-19 15:44:09,19.924 A
2026-05-19 15:44:10,20.090 A
2026-05-19 15:44:11,20.094 A
2026-05-19 15:44:12,20.052 A
2026-05-19 15:44:13,20.031 A
2026-05-19 15:44:14,19.760 A
2026-05-19 15:44:15,19.718 A
2026-05-19 15:44:16,20.098 A
2026-05-19 15:44:17,20.013 A
2026-05-19 15:44:18,20.095 A
2026-05-19 15:44:19,20.094 A
2026-05-19 15:44:20,20.100 A
2026-05-19 15:44:21,20.100 A
2026-05-19 15:44:22,20.096 A
2026-05-19 15:44:23,20.085 A
2026-05-19 15:44:24,20.093 A
2026-05-19 15:44:25,20.055 A
2026-05-19 15:44:26,20.065 A
2026-05-19 15:44:27,20.108 A
2026-05-19 15:44:28,20.073 A
2026-05-19 15:44:29,20.082 A
2026-05-19 15:44:30,20.067 A
2026-05-19 15:44:31,20.053 A
2026-05-19 15:44:32,20.060 A
2026-05-19 15:44:33,20.031 A
2026-05-19 15:44:34,20.043 A
2026-05-19 15:44:35,20.029 A
2026-05-19 15:44:36,20.025 A
2026-05-19 15:44:37,20.029 A
2026-05-19 15:44:38,20.027 A
2026-05-19 15:44:39,20.034 A
2026-05-19 15:44:40,20.010 A
2026-05-19 15:44:41,20.020 A
2026-05-19 15:44:42,20.024 A
2026-05-19 15:44:43,20.014 A
2026-05-19 15:44:44,20.007 A
2026-05-19 15:44:45,20.026 A
2026-05-19 15:44:46,20.007 A
2026-05-19 15:44:47,19.996 A
2026-05-19 15:44:48,20.015 A
2026-05-19 15:44:49,20.033 A
2026-05-19 15:44:50,20.055 A
2026-05-19 15:44:51,20.083 A
2026-05-19 15:44:52,20.081 A
2026-05-19 15:44:53,20.058 A
2026-05-19 15:44:54,20.058 A
2026-05-19 15:44:55,20.064 A
2026-05-19 15:44:56,20.043 A
2026-05-19 15:44:57,20.051 A
2026-05-19 15:44:58,20.052 A
2026-05-19 15:44:59,20.076 A
2026-05-19 15:45:00,20.077 A
2026-05-19 15:45:01,20.079 A
2026-05-19 15:45:02,20.068 A
2026-05-19 15:45:03,20.111 A
2026-05-19 15:45:04,20.197 A
2026-05-19 15:45:05,20.182 A
2026-05-19 15:45:06,20.183 A
2026-05-19 15:45:07,20.177 A
2026-05-19 15:45:08,20.111 A
2026-05-19 15:45:09,20.082 A
2026-05-19 15:45:10,20.079 A
2026-05-19 15:45:11,20.073 A
2026-05-19 15:45:12,20.098 A
2026-05-19 15:45:13,20.115 A
2026-05-19 15:45:14,20.125 A
2026-05-19 15:45:15,20.130 A
2026-05-19 15:45:16,20.101 A
2026-05-19 15:45:17,20.110 A
2026-05-19 15:45:18,20.111 A
2026-05-19 15:45:19,20.072 A
2026-05-19 15:45:20,20.060 A
2026-05-19 15:45:21,20.055 A
2026-05-19 15:45:22,20.065 A
2026-05-19 15:45:23,20.044 A
2026-05-19 15:45:24,20.028 A
2026-05-19 15:45:25,20.032 A
2026-05-19 15:45:26,20.029 A
2026-05-19 15:45:27,20.024 A
2026-05-19 15:45:28,20.014 A
2026-05-19 15:45:29,20.016 A
2026-05-19 15:45:30,20.023 A
2026-05-19 15:45:31,20.013 A
2026-05-19 15:45:32,19.999 A
2026-05-19 15:45:33,20.004 A
2026-05-19 15:45:34,20.004 A
2026-05-19 15:45:35,19.999 A
2026-05-19 15:45:36,19.995 A
2026-05-19 15:45:37,20.007 A
2026-05-19 15:45:38,19.985 A
2026-05-19 15:45:39,19.996 A
2026-05-19 15:45:40,20.009 A
2026-05-19 15:45:41,20.004 A
2026-05-19 15:45:42,20.001 A
2026-05-19 15:45:43,19.987 A
2026-05-19 15:45:44,19.986 A
2026-05-19 15:45:45,19.974 A
2026-05-19 15:45:46,19.976 A
2026-05-19 15:45:47,19.976 A
2026-05-19 15:45:48,19.959 A
2026-05-19 15:45:49,19.939 A
2026-05-19 15:45:50,19.930 A
2026-05-19 15:45:51,19.967 A
2026-05-19 15:45:52,19.980 A
2026-05-19 15:45:53,20.000 A
2026-05-19 15:45:54,19.962 A
2026-05-19 15:45:55,19.957 A
2026-05-19 15:45:56,19.976 A
2026-05-19 15:45:57,19.963 A
2026-05-19 15:45:58,19.959 A
2026-05-19 15:45:59,19.954 A
2026-05-19 15:46:00,19.970 A
2026-05-19 15:46:01,19.960 A
2026-05-19 15:46:02,19.966 A
2026-05-19 15:46:03,19.962 A
2026-05-19 15:46:04,19.953 A
2026-05-19 15:46:05,19.947 A
2026-05-19 15:46:06,19.942 A
2026-05-19 15:46:07,19.936 A
2026-05-19 15:46:08,19.923 A
2026-05-19 15:46:09,19.931 A
2026-05-19 15:46:10,19.950 A
2026-05-19 15:46:11,19.947 A
2026-05-19 15:46:12,19.941 A
2026-05-19 15:46:13,19.935 A
2026-05-19 15:46:14,19.915 A
2026-05-19 15:46:15,19.903 A
2026-05-19 15:46:16,19.919 A
2026-05-19 15:46:17,19.933 A
2026-05-19 15:46:18,19.966 A
2026-05-19 15:46:19,19.958 A
2026-05-19 15:46:20,19.963 A
2026-05-19 15:46:21,19.928 A
2026-05-19 15:46:22,19.906 A
2026-05-19 15:46:23,19.911 A
2026-05-19 15:46:24,19.945 A
2026-05-19 15:46:25,19.935 A
2026-05-19 15:46:26,19.935 A
2026-05-19 15:46:27,19.940 A
2026-05-19 15:46:28,19.926 A
2026-05-19 15:46:29,19.910 A
2026-05-19 15:46:30,19.934 A
2026-05-19 15:46:31,19.932 A
2026-05-19 15:46:32,19.904 A
2026-05-19 15:46:33,19.915 A
2026-05-19 15:46:34,19.889 A
2026-05-19 15:46:35,19.884 A
2026-05-19 15:46:36,19.892 A
2026-05-19 15:46:37,19.895 A
2026-05-19 15:46:38,19.858 A
2026-05-19 15:46:39,19.876 A
2026-05-19 15:46:40,19.888 A
2026-05-19 15:46:41,19.900 A
2026-05-19 15:46:42,19.887 A
2026-05-19 15:46:43,19.911 A
2026-05-19 15:46:44,19.903 A
2026-05-19 15:46:45,19.909 A
2026-05-19 15:46:46,19.921 A
2026-05-19 15:46:47,19.927 A
2026-05-19 15:46:48,19.905 A
2026-05-19 15:46:49,19.903 A
2026-05-19 15:46:50,19.872 A
2026-05-19 15:46:51,19.878 A
2026-05-19 15:46:52,19.888 A
2026-05-19 15:46:53,19.897 A
2026-05-19 15:46:54,19.899 A
2026-05-19 15:46:55,19.898 A
2026-05-19 15:46:56,19.907 A
2026-05-19 15:46:57,19.916 A
2026-05-19 15:46:58,19.896 A
2026-05-19 15:46:59,19.892 A
2026-05-19 15:47:00,19.856 A
2026-05-19 15:47:01,19.864 A
2026-05-19 15:47:02,19.877 A
2026-05-19 15:47:03,19.890 A
2026-05-19 15:47:04,19.905 A
2026-05-19 15:47:05,19.897 A
2026-05-19 15:47:06,19.892 A
2026-05-19 15:47:07,19.893 A
2026-05-19 15:47:08,19.881 A
2026-05-19 15:47:09,19.884 A
2026-05-19 15:47:10,19.878 A
2026-05-19 15:47:11,19.876 A
2026-05-19 15:47:12,19.882 A
2026-05-19 15:47:13,19.893 A
2026-05-19 15:47:14,19.892 A
2026-05-19 15:47:15,19.874 A
2026-05-19 15:47:16,19.886 A
2026-05-19 15:47:17,19.872 A
2026-05-19 15:47:18,19.877 A
2026-05-19 15:47:19,19.878 A
2026-05-19 15:47:20,19.850 A
2026-05-19 15:47:21,19.840 A
2026-05-19 15:47:22,19.843 A
2026-05-19 15:47:23,19.851 A
2026-05-19 15:47:24,19.847 A
2026-05-19 15:47:25,19.865 A
2026-05-19 15:47:26,19.863 A
2026-05-19 15:47:27,19.849 A
2026-05-19 15:47:28,19.844 A
2026-05-19 15:47:29,19.826 A
2026-05-19 15:47:30,19.809 A
2026-05-19 15:47:31,19.787 A
2026-05-19 15:47:32,19.778 A
2026-05-19 15:47:33,19.765 A
2026-05-19 15:47:34,19.752 A
2026-05-19 15:47:35,19.741 A
2026-05-19 15:47:36,19.718 A
2026-05-19 15:47:37,19.729 A
2026-05-19 15:47:38,19.708 A
2026-05-19 15:47:39,19.697 A
2026-05-19 15:47:40,19.692 A
2026-05-19 15:47:41,19.677 A
2026-05-19 15:47:42,19.651 A
2026-05-19 15:47:43,19.656 A
2026-05-19 15:47:44,19.634 A
2026-05-19 15:47:45,19.631 A
2026-05-19 15:47:46,19.634 A
2026-05-19 15:47:47,19.660 A
2026-05-19 15:47:48,19.677 A
2026-05-19 15:47:49,19.707 A
2026-05-19 15:47:50,19.726 A
2026-05-19 15:47:51,19.744 A
2026-05-19 15:47:52,19.759 A
2026-05-19 15:47:53,19.765 A
2026-05-19 15:47:54,19.778 A
2026-05-19 15:47:55,19.796 A
2026-05-19 15:47:56,19.789 A
2026-05-19 15:47:57,19.779 A
2026-05-19 15:47:58,19.781 A
2026-05-19 15:47:59,19.752 A
2026-05-19 15:48:00,19.743 A
2026-05-19 15:48:01,19.744 A
2026-05-19 15:48:02,19.761 A
2026-05-19 15:48:03,19.760 A
2026-05-19 15:48:04,19.770 A
2026-05-19 15:48:05,19.779 A
2026-05-19 15:48:06,19.761 A
2026-05-19 15:48:07,19.744 A
2026-05-19 15:48:08,19.731 A
2026-05-19 15:48:09,19.744 A
2026-05-19 15:48:10,19.755 A
2026-05-19 15:48:11,19.750 A
2026-05-19 15:48:12,19.755 A
2026-05-19 15:48:13,19.755 A
2026-05-19 15:48:14,19.729 A
2026-05-19 15:48:15,19.718 A
2026-05-19 15:48:16,19.706 A
2026-05-19 15:48:17,19.729 A
2026-05-19 15:48:18,19.734 A
2026-05-19 15:48:19,19.727 A
2026-05-19 15:48:20,19.730 A
2026-05-19 15:48:21,19.718 A
2026-05-19 15:48:22,19.704 A
2026-05-19 15:48:23,19.704 A
2026-05-19 15:48:24,19.696 A
2026-05-19 15:48:25,19.697 A
2026-05-19 15:48:26,19.705 A
2026-05-19 15:48:27,19.701 A
2026-05-19 15:48:28,19.707 A
2026-05-19 15:48:29,19.703 A
2026-05-19 15:48:30,19.688 A
2026-05-19 15:48:31,19.699 A
2026-05-19 15:48:32,19.682 A
2026-05-19 15:48:33,19.664 A
2026-05-19 15:48:34,19.651 A
2026-05-19 15:48:35,19.627 A
2026-05-19 15:48:36,19.622 A
2026-05-19 15:48:37,19.620 A
2026-05-19 15:48:38,19.636 A
2026-05-19 15:48:39,19.648 A
2026-05-19 15:48:40,19.686 A
2026-05-19 15:48:41,19.686 A
2026-05-19 15:48:42,19.668 A
2026-05-19 15:48:43,19.670 A
2026-05-19 15:48:44,19.651 A
2026-05-19 15:48:45,19.637 A
2026-05-19 15:48:46,19.659 A
2026-05-19 15:48:47,19.674 A
2026-05-19 15:48:48,19.679 A
2026-05-19 15:48:49,19.638 A
2026-05-19 15:48:50,19.607 A
2026-05-19 15:48:51,19.610 A
2026-05-19 15:48:52,19.613 A
2026-05-19 15:48:53,19.604 A
2026-05-19 15:48:54,19.302 A
2026-05-19 15:48:55,19.429 A
2026-05-19 15:48:56,19.607 A
2026-05-19 15:48:57,19.604 A
2026-05-19 15:48:58,19.617 A
2026-05-19 15:48:59,19.607 A
2026-05-19 15:49:00,19.527 A
2026-05-19 15:49:01,19.392 A
2026-05-19 15:49:02,19.576 A
2026-05-19 15:49:03,19.558 A
2026-05-19 15:49:04,19.494 A
2026-05-19 15:49:05,19.417 A
2026-05-19 15:49:06,19.573 A
2026-05-19 15:49:07,19.568 A
2026-05-19 15:49:08,19.594 A
2026-05-19 15:49:09,19.580 A
2026-05-19 15:49:10,19.583 A
2026-05-19 15:49:11,19.584 A
2026-05-19 15:49:12,19.502 A
2026-05-19 15:49:13,19.574 A
2026-05-19 15:49:14,19.509 A
2026-05-19 15:49:15,19.562 A
2026-05-19 15:49:16,19.544 A
2026-05-19 15:49:17,19.572 A
2026-05-19 15:49:18,19.544 A
2026-05-19 15:49:19,19.591 A
2026-05-19 15:49:20,19.583 A
2026-05-19 15:49:21,19.565 A
2026-05-19 15:49:22,19.588 A
2026-05-19 15:49:23,19.622 A
2026-05-19 15:49:24,19.595 A
2026-05-19 15:49:25,19.603 A
2026-05-19 15:49:26,19.608 A
2026-05-19 15:49:27,19.589 A
2026-05-19 15:49:28,19.587 A
2026-05-19 15:49:29,19.577 A
2026-05-19 15:49:30,19.581 A
2026-05-19 15:49:31,19.583 A
2026-05-19 15:49:32,19.581 A
2026-05-19 15:49:33,19.580 A
2026-05-19 15:49:34,19.581 A
2026-05-19 15:49:35,19.583 A
2026-05-19 15:49:36,19.551 A
2026-05-19 15:49:37,19.537 A
2026-05-19 15:49:38,19.547 A
2026-05-19 15:49:39,19.565 A
2026-05-19 15:49:40,19.560 A
2026-05-19 15:49:41,19.559 A
2026-05-19 15:49:42,19.535 A
2026-05-19 15:49:43,19.528 A
2026-05-19 15:49:44,19.514 A
2026-05-19 15:49:45,19.505 A
2026-05-19 15:49:46,19.515 A
2026-05-19 15:49:47,19.530 A
2026-05-19 15:49:48,19.525 A
2026-05-19 15:49:49,19.542 A
2026-05-19 15:49:50,19.516 A
2026-05-19 15:49:51,19.503 A
2026-05-19 15:49:52,19.484 A
2026-05-19 15:49:53,19.462 A
2026-05-19 15:49:54,19.450 A
2026-05-19 15:49:55,19.445 A
2026-05-19 15:49:56,19.448 A
2026-05-19 15:49:57,19.465 A
2026-05-19 15:49:58,19.492 A
2026-05-19 15:49:59,19.503 A
2026-05-19 15:50:00,19.482 A
2026-05-19 15:50:01,19.471 A
2026-05-19 15:50:02,19.450 A
2026-05-19 15:50:03,19.446 A
2026-05-19 15:50:04,19.465 A
2026-05-19 15:50:05,19.488 A
2026-05-19 15:50:06,19.454 A
2026-05-19 15:50:07,19.463 A
2026-05-19 15:50:08,19.468 A
2026-05-19 15:50:09,19.462 A
2026-05-19 15:50:10,19.447 A
2026-05-19 15:50:11,19.429 A
2026-05-19 15:50:12,19.419 A
2026-05-19 15:50:13,19.408 A
2026-05-19 15:50:14,19.401 A
2026-05-19 15:50:15,19.416 A
2026-05-19 15:50:16,19.409 A
2026-05-19 15:50:17,19.444 A
2026-05-19 15:50:18,19.438 A
2026-05-19 15:50:19,19.463 A
2026-05-19 15:50:20,19.413 A
2026-05-19 15:50:21,19.419 A
2026-05-19 15:50:22,19.402 A
2026-05-19 15:50:23,19.388 A
2026-05-19 15:50:24,19.384 A
2026-05-19 15:50:25,19.408 A
2026-05-19 15:50:26,19.404 A
2026-05-19 15:50:27,19.406 A
2026-05-19 15:50:28,19.396 A
2026-05-19 15:50:29,19.383 A
2026-05-19 15:50:30,19.362 A
2026-05-19 15:50:31,19.356 A
2026-05-19 15:50:32,19.342 A
2026-05-19 15:50:33,19.315 A
2026-05-19 15:50:34,19.315 A
2026-05-19 15:50:35,19.318 A
2026-05-19 15:50:36,19.329 A
2026-05-19 15:50:37,19.331 A
2026-05-19 15:50:38,19.342 A
2026-05-19 15:50:39,19.335 A
2026-05-19 15:50:40,19.334 A
2026-05-19 15:50:41,19.332 A
2026-05-19 15:50:42,19.323 A
2026-05-19 15:50:43,19.317 A
2026-05-19 15:50:44,19.318 A
2026-05-19 15:50:45,19.304 A
2026-05-19 15:50:46,19.308 A
2026-05-19 15:50:47,19.295 A
2026-05-19 15:50:48,19.291 A
2026-05-19 15:50:49,19.289 A
2026-05-19 15:50:50,19.302 A
2026-05-19 15:50:51,19.290 A
2026-05-19 15:50:52,19.264 A
2026-05-19 15:50:53,19.270 A
2026-05-19 15:50:54,19.255 A
2026-05-19 15:50:55,19.265 A
2026-05-19 15:50:56,19.266 A
2026-05-19 15:50:57,19.246 A
2026-05-19 15:50:58,19.249 A
2026-05-19 15:50:59,19.245 A
2026-05-19 15:51:00,19.217 A
2026-05-19 15:51:01,19.221 A
2026-05-19 15:51:02,19.226 A
2026-05-19 15:51:03,19.215 A
2026-05-19 15:51:04,19.190 A
2026-05-19 15:51:05,19.183 A
2026-05-19 15:51:06,19.187 A
2026-05-19 15:51:07,19.190 A
2026-05-19 15:51:08,19.204 A
2026-05-19 15:51:09,19.160 A
2026-05-19 15:51:10,19.176 A
2026-05-19 15:51:11,19.170 A
2026-05-19 15:51:12,19.175 A
2026-05-19 15:51:13,19.133 A
2026-05-19 15:51:14,19.153 A
2026-05-19 15:51:15,19.140 A
2026-05-19 15:51:16,19.143 A
2026-05-19 15:51:17,19.159 A
2026-05-19 15:51:18,19.185 A
2026-05-19 15:51:19,19.187 A
2026-05-19 15:51:20,18.936 A
2026-05-19 15:51:21,18.224 A
2026-05-19 15:51:22,18.282 A
2026-05-19 15:51:23,18.316 A
2026-05-19 15:51:24,18.380 A
2026-05-19 15:51:25,18.424 A
2026-05-19 15:51:26,18.411 A
2026-05-19 15:51:27,18.456 A
2026-05-19 15:51:28,18.478 A
2026-05-19 15:51:29,18.501 A
2026-05-19 15:51:30,15.070 A
2026-05-19 15:51:31,15.083 A
2026-05-19 15:51:32,16.021 A
2026-05-19 15:51:33,16.443 A
2026-05-19 15:51:34,17.446 A
2026-05-19 15:51:35,18.637 A
2026-05-19 15:51:36,19.159 A
2026-05-19 15:51:37,18.925 A
2026-05-19 15:51:38,18.976 A
2026-05-19 15:51:39,19.037 A
2026-05-19 15:51:40,18.592 A
2026-05-19 15:51:41,18.425 A
2026-05-19 15:51:42,16.602 A
2026-05-19 15:51:43,15.939 A
2026-05-19 15:51:44,16.260 A
2026-05-19 15:51:45,16.366 A
2026-05-19 15:51:46,15.874 A
2026-05-19 15:51:47,16.653 A
2026-05-19 15:51:48,17.985 A
2026-05-19 15:51:49,18.968 A
2026-05-19 15:51:50,16.976 A
2026-05-19 15:51:51,15.592 A
2026-05-19 15:51:52,15.997 A
2026-05-19 15:51:53,16.350 A
2026-05-19 15:51:54,16.651 A
2026-05-19 15:51:55,17.759 A
2026-05-19 15:51:56,18.871 A
2026-05-19 15:51:57,19.031 A
2026-05-19 15:51:58,15.077 A
2026-05-19 15:51:59,15.426 A
2026-05-19 15:52:00,15.980 A
2026-05-19 15:52:01,16.205 A
2026-05-19 15:52:02,16.422 A
2026-05-19 15:52:03,16.486 A
2026-05-19 15:52:04,16.329 A
2026-05-19 15:52:05,16.344 A
2026-05-19 15:52:06,16.441 A
2026-05-19 15:52:07,15.876 A
2026-05-19 15:52:08,15.270 A
2026-05-19 15:52:09,16.146 A
2026-05-19 15:52:10,16.039 A
2026-05-19 15:52:11,16.465 A
2026-05-19 15:52:12,16.479 A
2026-05-19 15:52:13,16.498 A
2026-05-19 15:52:14,16.468 A
2026-05-19 15:52:15,16.557 A
2026-05-19 15:52:16,16.469 A
2026-05-19 15:52:17,16.337 A
2026-05-19 15:52:18,16.363 A
2026-05-19 15:52:19,16.267 A
2026-05-19 15:52:20,16.252 A
2026-05-19 15:52:21,16.344 A
2026-05-19 15:52:22,16.235 A
2026-05-19 15:52:23,15.981 A
2026-05-19 15:52:24,15.791 A
2026-05-19 15:52:25,15.529 A
2026-05-19 15:52:26,16.192 A
2026-05-19 15:52:27,15.767 A
2026-05-19 15:52:28,16.230 A
2026-05-19 15:52:29,16.088 A
2026-05-19 15:52:30,16.228 A
2026-05-19 15:52:31,16.171 A
2026-05-19 15:52:32,16.228 A
2026-05-19 15:52:33,16.098 A
2026-05-19 15:52:34,16.126 A
2026-05-19 15:52:35,16.200 A
2026-05-19 15:52:36,15.869 A
2026-05-19 15:52:37,16.165 A
2026-05-19 15:52:38,16.127 A
2026-05-19 15:52:39,16.092 A
2026-05-19 15:52:40,16.155 A
2026-05-19 15:52:41,16.128 A
2026-05-19 15:52:42,16.112 A
2026-05-19 15:52:43,16.014 A
2026-05-19 15:52:44,16.055 A
2026-05-19 15:52:45,16.134 A
2026-05-19 15:52:46,16.109 A
2026-05-19 15:52:47,16.234 A
2026-05-19 15:52:48,16.106 A
2026-05-19 15:52:49,16.172 A
2026-05-19 15:52:50,16.070 A
2026-05-19 15:52:51,16.000 A
2026-05-19 15:52:52,15.978 A
2026-05-19 15:52:53,15.967 A
2026-05-19 15:52:54,15.999 A
2026-05-19 15:52:55,15.969 A
2026-05-19 15:52:56,16.090 A
2026-05-19 15:52:57,16.059 A
2026-05-19 15:52:58,16.062 A
2026-05-19 15:52:59,16.090 A
2026-05-19 15:53:00,15.952 A
2026-05-19 15:53:01,15.980 A
2026-05-19 15:53:02,15.937 A
2026-05-19 15:53:03,16.029 A
2026-05-19 15:53:04,15.979 A
2026-05-19 15:53:05,15.940 A
2026-05-19 15:53:06,15.833 A
2026-05-19 15:53:07,15.806 A
2026-05-19 15:53:08,15.940 A
2026-05-19 15:53:09,15.992 A
2026-05-19 15:53:10,16.004 A
2026-05-19 15:53:11,15.938 A
2026-05-19 15:53:12,15.882 A
2026-05-19 15:53:13,15.779 A
2026-05-19 15:53:14,15.753 A
2026-05-19 15:53:15,15.693 A
2026-05-19 15:53:16,15.632 A
2026-05-19 15:53:17,15.743 A
2026-05-19 15:53:18,15.783 A
2026-05-19 15:53:19,15.836 A
2026-05-19 15:53:20,15.779 A
2026-05-19 15:53:21,15.750 A
2026-05-19 15:53:22,15.763 A
2026-05-19 15:53:23,15.759 A
2026-05-19 15:53:24,15.657 A
2026-05-19 15:53:25,15.761 A
2026-05-19 15:53:26,15.779 A
2026-05-19 15:53:27,15.701 A
2026-05-19 15:53:28,15.635 A
2026-05-19 15:53:29,15.494 A
2026-05-19 15:53:30,15.574 A
2026-05-19 15:53:31,15.581 A
2026-05-19 15:53:32,15.424 A
2026-05-19 15:53:33,15.395 A
2026-05-19 15:53:34,15.410 A
2026-05-19 15:53:35,15.531 A
2026-05-19 15:53:36,15.435 A
2026-05-19 15:53:37,15.421 A
2026-05-19 15:53:38,15.556 A
2026-05-19 15:53:39,15.511 A
2026-05-19 15:53:40,15.443 A
2026-05-19 15:53:41,15.468 A
2026-05-19 15:53:42,15.425 A
2026-05-19 15:53:43,15.370 A
2026-05-19 15:53:44,15.399 A
2026-05-19 15:53:45,15.442 A
2026-05-19 15:53:46,15.392 A
2026-05-19 15:53:47,3.221 A
2026-05-19 15:53:48,1.967 A
2026-05-19 15:53:49,2.030 A
2026-05-19 15:53:50,2.082 A
2026-05-19 15:53:51,2.305 A
2026-05-19 15:53:52,2.708 A
2026-05-19 15:53:53,2.788 A
2026-05-19 15:53:54,2.421 A
2026-05-19 15:53:55,2.161 A
2026-05-19 15:53:56,2.164 A
2026-05-19 15:53:57,2.400 A
2026-05-19 15:53:58,2.377 A
2026-05-19 15:53:59,2.427 A
2026-05-19 15:54:00,2.328 A
2026-05-19 15:54:01,2.318 A
2026-05-19 15:54:02,2.443 A
2026-05-19 15:54:03,2.531 A
2026-05-19 15:54:04,2.776 A
2026-05-19 15:54:05,2.548 A
2026-05-19 15:54:06,2.268 A
2026-05-19 15:54:07,2.498 A
2026-05-19 15:54:08,2.291 A
2026-05-19 15:54:09,2.602 A
2026-05-19 15:54:10,2.652 A
2026-05-19 15:54:11,2.437 A
2026-05-19 15:54:12,2.305 A
2026-05-19 15:54:13,2.446 A
2026-05-19 15:54:14,2.341 A
2026-05-19 15:54:15,2.317 A
2026-05-19 15:54:16,2.286 A
2026-05-19 15:54:17,2.254 A
2026-05-19 15:54:18,2.189 A
2026-05-19 15:54:19,2.499 A
2026-05-19 15:54:20,2.412 A
2026-05-19 15:54:21,2.294 A
2026-05-19 15:54:22,2.338 A