"Time","flat"
2026-05-19 15:35:19,27.2200
2026-05-19 15:35:20,27.1895
2026-05-19 15:35:21,27.1934
2026-05-19 15:35:22,27.1466
2026-05-19 15:35:23,27.0976
2026-05-19 15:35:24,27.1470
2026-05-19 15:35:25,27.2425
2026-05-19 15:35:26,27.3184
2026-05-19 15:35:27,27.3995
2026-05-19 15:35:28,27.4820
2026-05-19 15:35:29,27.5882
2026-05-19 15:35:30,27.6407
2026-05-19 15:35:31,27.6523
2026-05-19 15:35:32,27.6498
2026-05-19 15:35:33,27.6509
2026-05-19 15:35:34,27.6411
2026-05-19 15:35:35,27.6491
2026-05-19 15:35:36,27.6311
2026-05-19 15:35:37,27.6455
2026-05-19 15:35:38,27.5893
2026-05-19 15:35:39,27.5405
2026-05-19 15:35:40,27.5414
2026-05-19 15:35:41,27.5416
2026-05-19 15:35:42,27.5481
2026-05-19 15:35:43,27.5607
2026-05-19 15:35:44,27.5045
2026-05-19 15:35:45,27.4457
2026-05-19 15:35:46,27.4891
2026-05-19 15:35:47,27.5911
2026-05-19 15:35:48,27.6421
2026-05-19 15:35:49,27.6467
2026-05-19 15:35:50,27.6434
2026-05-19 15:35:51,27.6543
2026-05-19 15:35:52,27.6543
2026-05-19 15:35:53,27.6589
2026-05-19 15:35:54,27.6500
2026-05-19 15:35:55,27.6414
2026-05-19 15:35:56,27.6509
2026-05-19 15:35:57,27.6531
2026-05-19 15:35:58,27.6505
2026-05-19 15:35:59,27.6398
2026-05-19 15:36:00,27.6314
2026-05-19 15:36:01,27.6398
2026-05-19 15:36:02,27.6468
2026-05-19 15:36:03,27.6489
2026-05-19 15:36:04,27.6534
2026-05-19 15:36:05,27.6536
2026-05-19 15:36:06,27.6573
2026-05-19 15:36:07,27.6518
2026-05-19 15:36:08,27.6525
2026-05-19 15:36:09,27.6480
2026-05-19 15:36:10,27.6557
2026-05-19 15:36:11,27.6436
2026-05-19 15:36:12,27.6355
2026-05-19 15:36:13,27.6321
2026-05-19 15:36:14,27.6427
2026-05-19 15:36:15,27.6466
2026-05-19 15:36:16,27.6077
2026-05-19 15:36:17,27.5423
2026-05-19 15:36:18,27.5544
2026-05-19 15:36:19,27.5502
2026-05-19 15:36:20,27.5467
2026-05-19 15:36:21,27.5721
2026-05-19 15:36:22,27.6580
2026-05-19 15:36:23,27.6514
2026-05-19 15:36:24,27.6498
2026-05-19 15:36:25,27.6509
2026-05-19 15:36:26,27.6516
2026-05-19 15:36:27,27.6168
2026-05-19 15:36:28,27.5807
2026-05-19 15:36:29,27.5202
2026-05-19 15:36:30,27.3052
2026-05-19 15:36:31,27.1659
2026-05-19 15:36:32,27.1111
2026-05-19 15:36:33,27.0575
2026-05-19 15:36:34,27.0261
2026-05-19 15:36:35,27.0120
2026-05-19 15:36:36,27.0023
2026-05-19 15:36:37,26.9989
2026-05-19 15:36:38,27.0034
2026-05-19 15:36:39,26.9832
2026-05-19 15:36:40,26.9827
2026-05-19 15:36:41,26.9724
2026-05-19 15:36:42,26.9363
2026-05-19 15:36:43,26.9423
2026-05-19 15:36:44,26.9802
2026-05-19 15:36:45,27.0036
2026-05-19 15:36:46,27.0477
2026-05-19 15:36:47,27.1480
2026-05-19 15:36:48,27.3825
2026-05-19 15:36:49,27.3011
2026-05-19 15:36:50,27.1177
2026-05-19 15:36:51,27.0580
2026-05-19 15:36:52,27.0457
2026-05-19 15:36:53,27.0245
2026-05-19 15:36:54,27.0405
2026-05-19 15:36:55,27.1248
2026-05-19 15:36:56,27.2176
2026-05-19 15:36:57,27.3082
2026-05-19 15:36:58,27.5539
2026-05-19 15:36:59,27.3548
2026-05-19 15:37:00,27.1627
2026-05-19 15:37:01,27.0832
2026-05-19 15:37:02,27.0641
2026-05-19 15:37:03,27.0241
2026-05-19 15:37:04,27.0159
2026-05-19 15:37:05,27.0657
2026-05-19 15:37:06,27.2230
2026-05-19 15:37:07,27.3698
2026-05-19 15:37:08,27.1780
2026-05-19 15:37:09,27.1523
2026-05-19 15:37:10,27.2895
2026-05-19 15:37:11,27.5058
2026-05-19 15:37:12,27.4557
2026-05-19 15:37:13,27.4105
2026-05-19 15:37:14,27.3045
2026-05-19 15:37:15,27.3968
2026-05-19 15:37:16,27.5543
2026-05-19 15:37:17,27.5700
2026-05-19 15:37:18,27.2950
2026-05-19 15:37:19,27.1650
2026-05-19 15:37:20,27.1484
2026-05-19 15:37:21,27.0695
2026-05-19 15:37:22,27.0368
2026-05-19 15:37:23,27.0105
2026-05-19 15:37:24,27.0063
2026-05-19 15:37:25,27.0120
2026-05-19 15:37:26,27.0575
2026-05-19 15:37:27,27.4809
2026-05-19 15:37:28,27.6453
2026-05-19 15:37:29,27.6514
2026-05-19 15:37:30,27.6577
2026-05-19 15:37:31,27.5918
2026-05-19 15:37:32,27.5905
2026-05-19 15:37:33,27.5693
2026-05-19 15:37:34,27.6191
2026-05-19 15:37:35,27.5830
2026-05-19 15:37:36,27.5921
2026-05-19 15:37:37,27.6130
2026-05-19 15:37:38,27.6477
2026-05-19 15:37:39,27.6543
2026-05-19 15:37:40,27.6491
2026-05-19 15:37:41,27.6550
2026-05-19 15:37:42,27.6452
2026-05-19 15:37:43,27.6600
2026-05-19 15:37:44,27.6652
2026-05-19 15:37:45,27.6632
2026-05-19 15:37:46,27.6660
2026-05-19 15:37:47,27.6584
2026-05-19 15:37:48,27.6607
2026-05-19 15:37:49,27.6386
2026-05-19 15:37:50,27.5775
2026-05-19 15:37:51,27.5420
2026-05-19 15:37:52,27.4761
2026-05-19 15:37:53,27.4709
2026-05-19 15:37:54,27.4625
2026-05-19 15:37:55,27.4675
2026-05-19 15:37:56,27.4911
2026-05-19 15:37:57,27.5834
2026-05-19 15:37:58,27.6680
2026-05-19 15:37:59,27.6566
2026-05-19 15:38:00,27.6525
2026-05-19 15:38:01,27.6557
2026-05-19 15:38:02,27.6511
2026-05-19 15:38:03,27.6655
2026-05-19 15:38:04,27.6618
2026-05-19 15:38:05,27.6600
2026-05-19 15:38:06,27.6614
2026-05-19 15:38:07,27.6572
2026-05-19 15:38:08,27.6725
2026-05-19 15:38:09,27.6643
2026-05-19 15:38:10,27.6562
2026-05-19 15:38:11,27.6684
2026-05-19 15:38:12,27.6541
2026-05-19 15:38:13,27.6516
2026-05-19 15:38:14,27.6744
2026-05-19 15:38:15,27.6484
2026-05-19 15:38:16,27.6659
2026-05-19 15:38:17,27.6680
2026-05-19 15:38:18,27.6668
2026-05-19 15:38:19,27.6666
2026-05-19 15:38:20,27.6484
2026-05-19 15:38:21,27.5723
2026-05-19 15:38:22,27.5886
2026-05-19 15:38:23,27.6555
2026-05-19 15:38:24,27.6472
2026-05-19 15:38:25,27.6627
2026-05-19 15:38:26,27.6505
2026-05-19 15:38:27,27.6614
2026-05-19 15:38:28,27.6457
2026-05-19 15:38:29,27.5880
2026-05-19 15:38:30,27.5593
2026-05-19 15:38:31,27.5816
2026-05-19 15:38:32,27.5755
2026-05-19 15:38:33,27.5659
2026-05-19 15:38:34,27.5693
2026-05-19 15:38:35,27.5643
2026-05-19 15:38:36,27.4775
2026-05-19 15:38:37,27.4741
2026-05-19 15:38:38,27.3852
2026-05-19 15:38:39,27.3791
2026-05-19 15:38:40,27.3005
2026-05-19 15:38:41,27.2959
2026-05-19 15:38:42,27.3184
2026-05-19 15:38:43,27.3866
2026-05-19 15:38:44,27.3862
2026-05-19 15:38:45,27.3818
2026-05-19 15:38:46,27.3891
2026-05-19 15:38:47,27.2347
2026-05-19 15:38:48,27.5414
2026-05-19 15:38:49,27.4064
2026-05-19 15:38:50,27.3409
2026-05-19 15:38:51,27.2018
2026-05-19 15:38:52,27.2677
2026-05-19 15:38:53,27.4725
2026-05-19 15:38:54,27.4302
2026-05-19 15:38:55,27.3284
2026-05-19 15:38:56,26.9802
2026-05-19 15:38:57,27.1938
2026-05-19 15:38:58,27.3498
2026-05-19 15:38:59,27.5248
2026-05-19 15:39:00,27.3411
2026-05-19 15:39:01,27.0373
2026-05-19 15:39:02,27.2166
2026-05-19 15:39:03,27.5240
2026-05-19 15:39:04,27.1991
2026-05-19 15:39:05,27.2260
2026-05-19 15:39:06,27.3220
2026-05-19 15:39:07,27.3991
2026-05-19 15:39:08,27.2002
2026-05-19 15:39:09,27.3457
2026-05-19 15:39:10,27.3761
2026-05-19 15:39:11,27.3091
2026-05-19 15:39:12,27.4620
2026-05-19 15:39:13,27.5759
2026-05-19 15:39:14,27.3380
2026-05-19 15:39:15,27.5143
2026-05-19 15:39:16,27.1716
2026-05-19 15:39:17,27.5702
2026-05-19 15:39:18,27.6086
2026-05-19 15:39:19,27.6184
2026-05-19 15:39:20,27.6205
2026-05-19 15:39:21,27.5977
2026-05-19 15:39:22,27.6291
2026-05-19 15:39:23,27.6552
2026-05-19 15:39:24,27.6600
2026-05-19 15:39:25,27.6650
2026-05-19 15:39:26,27.6014
2026-05-19 15:39:27,27.5942
2026-05-19 15:39:28,27.5256
2026-05-19 15:39:29,27.6084
2026-05-19 15:39:30,27.6227
2026-05-19 15:39:31,27.6430
2026-05-19 15:39:32,27.6465
2026-05-19 15:39:33,27.6543
2026-05-19 15:39:34,27.6823
2026-05-19 15:39:35,27.6534
2026-05-19 15:39:36,27.6561
2026-05-19 15:39:37,27.6795
2026-05-19 15:39:38,27.6151
2026-05-19 15:39:39,27.5914
2026-05-19 15:39:40,27.5923
2026-05-19 15:39:41,27.5291
2026-05-19 15:39:42,27.5005
2026-05-19 15:39:43,27.5532
2026-05-19 15:39:44,27.6295
2026-05-19 15:39:45,27.6668
2026-05-19 15:39:46,27.6616
2026-05-19 15:39:47,27.6611
2026-05-19 15:39:48,27.6605
2026-05-19 15:39:49,27.6605
2026-05-19 15:39:50,27.6650
2026-05-19 15:39:51,27.6623
2026-05-19 15:39:52,27.6616
2026-05-19 15:39:53,27.6586
2026-05-19 15:39:54,27.6396
2026-05-19 15:39:55,27.5861
2026-05-19 15:39:56,27.4670
2026-05-19 15:39:57,27.4087
2026-05-19 15:39:58,27.1844
2026-05-19 15:39:59,27.3936
2026-05-19 15:40:00,27.5779
2026-05-19 15:40:01,27.6611
2026-05-19 15:40:02,27.6170
2026-05-19 15:40:03,27.5973
2026-05-19 15:40:04,27.6428
2026-05-19 15:40:05,27.6018
2026-05-19 15:40:06,27.5966
2026-05-19 15:40:07,27.6307
2026-05-19 15:40:08,27.6380
2026-05-19 15:40:09,27.6016
2026-05-19 15:40:10,27.5136
2026-05-19 15:40:11,27.3466
2026-05-19 15:40:12,27.2900
2026-05-19 15:40:13,27.4241
2026-05-19 15:40:14,27.1802
2026-05-19 15:40:15,27.1705
2026-05-19 15:40:16,27.0900
2026-05-19 15:40:17,27.0998
2026-05-19 15:40:18,27.1057
2026-05-19 15:40:19,27.0984
2026-05-19 15:40:20,27.0575
2026-05-19 15:40:21,27.0539
2026-05-19 15:40:22,27.0588
2026-05-19 15:40:23,27.0539
2026-05-19 15:40:24,27.0402
2026-05-19 15:40:25,27.0180
2026-05-19 15:40:26,27.0086
2026-05-19 15:40:27,27.0145
2026-05-19 15:40:28,26.9725
2026-05-19 15:40:29,26.9620
2026-05-19 15:40:30,26.9757
2026-05-19 15:40:31,26.9639
2026-05-19 15:40:32,26.9536
2026-05-19 15:40:33,26.9532
2026-05-19 15:40:34,26.9873
2026-05-19 15:40:35,26.9664
2026-05-19 15:40:36,26.9466
2026-05-19 15:40:37,26.9843
2026-05-19 15:40:38,27.0136
2026-05-19 15:40:39,27.0429
2026-05-19 15:40:40,27.1009
2026-05-19 15:40:41,27.1605
2026-05-19 15:40:42,27.3602
2026-05-19 15:40:43,27.5626
2026-05-19 15:40:44,27.6402
2026-05-19 15:40:45,27.6850
2026-05-19 15:40:46,27.6766
2026-05-19 15:40:47,27.5521
2026-05-19 15:40:48,27.1332
2026-05-19 15:40:49,27.0332
2026-05-19 15:40:50,27.0661
2026-05-19 15:40:51,27.0233
2026-05-19 15:40:52,26.9936
2026-05-19 15:40:53,27.0133
2026-05-19 15:40:54,27.2313
2026-05-19 15:40:55,27.1876
2026-05-19 15:40:56,27.1924
2026-05-19 15:40:57,27.2538
2026-05-19 15:40:58,27.2489
2026-05-19 15:40:59,27.1873
2026-05-19 15:41:00,27.2613
2026-05-19 15:41:01,27.2060
2026-05-19 15:41:02,27.2187
2026-05-19 15:41:03,27.2247
2026-05-19 15:41:04,27.2420
2026-05-19 15:41:05,26.9549
2026-05-19 15:41:06,26.6020
2026-05-19 15:41:07,26.5955
2026-05-19 15:41:08,26.6448
2026-05-19 15:41:09,26.7049
2026-05-19 15:41:10,26.7684
2026-05-19 15:41:11,26.8291
2026-05-19 15:41:12,26.7982
2026-05-19 15:41:13,26.7351
2026-05-19 15:41:14,26.7338
2026-05-19 15:41:15,26.6877
2026-05-19 15:41:16,26.6868
2026-05-19 15:41:17,26.6736
2026-05-19 15:41:18,26.6723
2026-05-19 15:41:19,26.6682
2026-05-19 15:41:20,26.6177
2026-05-19 15:41:21,26.6036
2026-05-19 15:41:22,26.6016
2026-05-19 15:41:23,26.5691
2026-05-19 15:41:24,26.5567
2026-05-19 15:41:25,26.5461
2026-05-19 15:41:26,26.5511
2026-05-19 15:41:27,26.5425
2026-05-19 15:41:28,26.5459
2026-05-19 15:41:29,26.5770
2026-05-19 15:41:30,26.5625
2026-05-19 15:41:31,26.5586
2026-05-19 15:41:32,26.5487
2026-05-19 15:41:33,26.5560
2026-05-19 15:41:34,26.5045
2026-05-19 15:41:35,26.5023
2026-05-19 15:41:36,26.4600
2026-05-19 15:41:37,26.4195
2026-05-19 15:41:38,26.3830
2026-05-19 15:41:39,26.3752
2026-05-19 15:41:40,26.3486
2026-05-19 15:41:41,26.3216
2026-05-19 15:41:42,26.3200
2026-05-19 15:41:43,26.3111
2026-05-19 15:41:44,26.3330
2026-05-19 15:41:45,26.3316
2026-05-19 15:41:46,26.3239
2026-05-19 15:41:47,26.3320
2026-05-19 15:41:48,26.3289
2026-05-19 15:41:49,26.3175
2026-05-19 15:41:50,26.2923
2026-05-19 15:41:51,26.3109
2026-05-19 15:41:52,26.3316
2026-05-19 15:41:53,26.3268
2026-05-19 15:41:54,26.3286
2026-05-19 15:41:55,26.3357
2026-05-19 15:41:56,26.3509
2026-05-19 15:41:57,26.3295
2026-05-19 15:41:58,26.3559
2026-05-19 15:41:59,26.3989
2026-05-19 15:42:00,26.4602
2026-05-19 15:42:01,26.4505
2026-05-19 15:42:02,26.4430
2026-05-19 15:42:03,26.4411
2026-05-19 15:42:04,26.5111
2026-05-19 15:42:05,26.4530
2026-05-19 15:42:06,26.4468
2026-05-19 15:42:07,26.4551
2026-05-19 15:42:08,26.4558
2026-05-19 15:42:09,26.4536
2026-05-19 15:42:10,26.3712
2026-05-19 15:42:11,26.3866
2026-05-19 15:42:12,26.3802
2026-05-19 15:42:13,26.3756
2026-05-19 15:42:14,26.3602
2026-05-19 15:42:15,26.3736
2026-05-19 15:42:16,26.4066
2026-05-19 15:42:17,26.3909
2026-05-19 15:42:18,26.3959
2026-05-19 15:42:19,26.4452
2026-05-19 15:42:20,26.4555
2026-05-19 15:42:21,26.4536
2026-05-19 15:42:22,26.4374
2026-05-19 15:42:23,26.4607
2026-05-19 15:42:24,26.4598
2026-05-19 15:42:25,26.4358
2026-05-19 15:42:26,26.4377
2026-05-19 15:42:27,26.4516
2026-05-19 15:42:28,26.4168
2026-05-19 15:42:29,26.4173
2026-05-19 15:42:30,26.4025
2026-05-19 15:42:31,26.3784
2026-05-19 15:42:32,26.3616
2026-05-19 15:42:33,26.3486
2026-05-19 15:42:34,26.3375
2026-05-19 15:42:35,26.3620
2026-05-19 15:42:36,26.3743
2026-05-19 15:42:37,26.3527
2026-05-19 15:42:38,26.3423
2026-05-19 15:42:39,26.3298
2026-05-19 15:42:40,26.3227
2026-05-19 15:42:41,26.3125
2026-05-19 15:42:42,26.3316
2026-05-19 15:42:43,26.3400
2026-05-19 15:42:44,26.3413
2026-05-19 15:42:45,26.3459
2026-05-19 15:42:46,26.3295
2026-05-19 15:42:47,26.3414
2026-05-19 15:42:48,26.3316
2026-05-19 15:42:49,26.3643
2026-05-19 15:42:50,26.3834
2026-05-19 15:42:51,26.3477
2026-05-19 15:42:52,26.3541
2026-05-19 15:42:53,26.3657
2026-05-19 15:42:54,26.3834
2026-05-19 15:42:55,26.3351
2026-05-19 15:42:56,26.3431
2026-05-19 15:42:57,26.3398
2026-05-19 15:42:58,26.3411
2026-05-19 15:42:59,26.3443
2026-05-19 15:43:00,26.3441
2026-05-19 15:43:01,26.3467
2026-05-19 15:43:02,26.3311
2026-05-19 15:43:03,26.3355
2026-05-19 15:43:04,26.3584
2026-05-19 15:43:05,26.3541
2026-05-19 15:43:06,26.3443
2026-05-19 15:43:07,26.3411
2026-05-19 15:43:08,26.3477
2026-05-19 15:43:09,26.3348
2026-05-19 15:43:10,26.3421
2026-05-19 15:43:11,26.3489
2026-05-19 15:43:12,26.3971
2026-05-19 15:43:13,26.3732
2026-05-19 15:43:14,26.3573
2026-05-19 15:43:15,26.3361
2026-05-19 15:43:16,26.3407
2026-05-19 15:43:17,26.3350
2026-05-19 15:43:18,26.3800
2026-05-19 15:43:19,26.4321
2026-05-19 15:43:20,26.4673
2026-05-19 15:43:21,26.5523
2026-05-19 15:43:22,26.6105
2026-05-19 15:43:23,26.6098
2026-05-19 15:43:24,26.5795
2026-05-19 15:43:25,26.5443
2026-05-19 15:43:26,26.5469
2026-05-19 15:43:27,26.5586
2026-05-19 15:43:28,26.6319
2026-05-19 15:43:29,26.5697
2026-05-19 15:43:30,26.5366
2026-05-19 15:43:31,26.5400
2026-05-19 15:43:32,26.5005
2026-05-19 15:43:33,26.4848
2026-05-19 15:43:34,26.4816
2026-05-19 15:43:35,26.4700
2026-05-19 15:43:36,26.4845
2026-05-19 15:43:37,26.5214
2026-05-19 15:43:38,26.7375
2026-05-19 15:43:39,27.2534
2026-05-19 15:43:40,27.2525
2026-05-19 15:43:41,27.2469
2026-05-19 15:43:42,27.2477
2026-05-19 15:43:43,27.2356
2026-05-19 15:43:44,27.2282
2026-05-19 15:43:45,27.2270
2026-05-19 15:43:46,27.2327
2026-05-19 15:43:47,27.2202
2026-05-19 15:43:48,27.3418
2026-05-19 15:43:49,27.5095
2026-05-19 15:43:50,27.5059
2026-05-19 15:43:51,27.5286
2026-05-19 15:43:52,27.4566
2026-05-19 15:43:53,27.5511
2026-05-19 15:43:54,27.5341
2026-05-19 15:43:55,27.5498
2026-05-19 15:43:56,27.4816
2026-05-19 15:43:57,27.4686
2026-05-19 15:43:58,27.5302
2026-05-19 15:43:59,27.4766
2026-05-19 15:44:00,27.3550
2026-05-19 15:44:01,27.3691
2026-05-19 15:44:02,27.5102
2026-05-19 15:44:03,27.5066
2026-05-19 15:44:04,27.5436
2026-05-19 15:44:05,27.4648
2026-05-19 15:44:06,27.5357
2026-05-19 15:44:07,27.3068
2026-05-19 15:44:08,27.5464
2026-05-19 15:44:09,27.3507
2026-05-19 15:44:10,27.5130
2026-05-19 15:44:11,27.5757
2026-05-19 15:44:12,27.5059
2026-05-19 15:44:13,27.5207
2026-05-19 15:44:14,27.1598
2026-05-19 15:44:15,27.1402
2026-05-19 15:44:16,27.4691
2026-05-19 15:44:17,27.4941
2026-05-19 15:44:18,27.3773
2026-05-19 15:44:19,27.2309
2026-05-19 15:44:20,27.2388
2026-05-19 15:44:21,27.2489
2026-05-19 15:44:22,27.2591
2026-05-19 15:44:23,27.2552
2026-05-19 15:44:24,27.2734
2026-05-19 15:44:25,27.2948
2026-05-19 15:44:26,27.3026
2026-05-19 15:44:27,27.3150
2026-05-19 15:44:28,27.2857
2026-05-19 15:44:29,27.2914
2026-05-19 15:44:30,27.3093
2026-05-19 15:44:31,27.3289
2026-05-19 15:44:32,27.3493
2026-05-19 15:44:33,27.3807
2026-05-19 15:44:34,27.3918
2026-05-19 15:44:35,27.3880
2026-05-19 15:44:36,27.4179
2026-05-19 15:44:37,27.4250
2026-05-19 15:44:38,27.3900
2026-05-19 15:44:39,27.3973
2026-05-19 15:44:40,27.3843
2026-05-19 15:44:41,27.3918
2026-05-19 15:44:42,27.3920
2026-05-19 15:44:43,27.3959
2026-05-19 15:44:44,27.3991
2026-05-19 15:44:45,27.3970
2026-05-19 15:44:46,27.4260
2026-05-19 15:44:47,27.4448
2026-05-19 15:44:48,27.4518
2026-05-19 15:44:49,27.5039
2026-05-19 15:44:50,27.5800
2026-05-19 15:44:51,27.6234
2026-05-19 15:44:52,27.6478
2026-05-19 15:44:53,27.6464
2026-05-19 15:44:54,27.6466
2026-05-19 15:44:55,27.6441
2026-05-19 15:44:56,27.6512
2026-05-19 15:44:57,27.6434
2026-05-19 15:44:58,27.6557
2026-05-19 15:44:59,27.6448
2026-05-19 15:45:00,27.6191
2026-05-19 15:45:01,27.6209
2026-05-19 15:45:02,27.6455
2026-05-19 15:45:03,27.5968
2026-05-19 15:45:04,27.5235
2026-05-19 15:45:05,27.5120
2026-05-19 15:45:06,27.5039
2026-05-19 15:45:07,27.5195
2026-05-19 15:45:08,27.5693
2026-05-19 15:45:09,27.6359
2026-05-19 15:45:10,27.6180
2026-05-19 15:45:11,27.6291
2026-05-19 15:45:12,27.6077
2026-05-19 15:45:13,27.5967
2026-05-19 15:45:14,27.5939
2026-05-19 15:45:15,27.5902
2026-05-19 15:45:16,27.5811
2026-05-19 15:45:17,27.5789
2026-05-19 15:45:18,27.6095
2026-05-19 15:45:19,27.6259
2026-05-19 15:45:20,27.6432
2026-05-19 15:45:21,27.6300
2026-05-19 15:45:22,27.6191
2026-05-19 15:45:23,27.5961
2026-05-19 15:45:24,27.5656
2026-05-19 15:45:25,27.5443
2026-05-19 15:45:26,27.5384
2026-05-19 15:45:27,27.5525
2026-05-19 15:45:28,27.5386
2026-05-19 15:45:29,27.5451
2026-05-19 15:45:30,27.6189
2026-05-19 15:45:31,27.6441
2026-05-19 15:45:32,27.6461
2026-05-19 15:45:33,27.6486
2026-05-19 15:45:34,27.6239
2026-05-19 15:45:35,27.6157
2026-05-19 15:45:36,27.6175
2026-05-19 15:45:37,27.6423
2026-05-19 15:45:38,27.6523
2026-05-19 15:45:39,27.6562
2026-05-19 15:45:40,27.6320
2026-05-19 15:45:41,27.6123
2026-05-19 15:45:42,27.6277
2026-05-19 15:45:43,27.6516
2026-05-19 15:45:44,27.6645
2026-05-19 15:45:45,27.6530
2026-05-19 15:45:46,27.6598
2026-05-19 15:45:47,27.6502
2026-05-19 15:45:48,27.6559
2026-05-19 15:45:49,27.6518
2026-05-19 15:45:50,27.6473
2026-05-19 15:45:51,27.6491
2026-05-19 15:45:52,27.6639
2026-05-19 15:45:53,27.6673
2026-05-19 15:45:54,27.6648
2026-05-19 15:45:55,27.6659
2026-05-19 15:45:56,27.6657
2026-05-19 15:45:57,27.6618
2026-05-19 15:45:58,27.6593
2026-05-19 15:45:59,27.6702
2026-05-19 15:46:00,27.6616
2026-05-19 15:46:01,27.6655
2026-05-19 15:46:02,27.6641
2026-05-19 15:46:03,27.6684
2026-05-19 15:46:04,27.6666
2026-05-19 15:46:05,27.6688
2026-05-19 15:46:06,27.6652
2026-05-19 15:46:07,27.6757
2026-05-19 15:46:08,27.6705
2026-05-19 15:46:09,27.6768
2026-05-19 15:46:10,27.6743
2026-05-19 15:46:11,27.6720
2026-05-19 15:46:12,27.6727
2026-05-19 15:46:13,27.6766
2026-05-19 15:46:14,27.6709
2026-05-19 15:46:15,27.6609
2026-05-19 15:46:16,27.6720
2026-05-19 15:46:17,27.6757
2026-05-19 15:46:18,27.6845
2026-05-19 15:46:19,27.6670
2026-05-19 15:46:20,27.6711
2026-05-19 15:46:21,27.6812
2026-05-19 15:46:22,27.6839
2026-05-19 15:46:23,27.6827
2026-05-19 15:46:24,27.6807
2026-05-19 15:46:25,27.6572
2026-05-19 15:46:26,27.6432
2026-05-19 15:46:27,27.6486
2026-05-19 15:46:28,27.6500
2026-05-19 15:46:29,27.6418
2026-05-19 15:46:30,27.6489
2026-05-19 15:46:31,27.6425
2026-05-19 15:46:32,27.5684
2026-05-19 15:46:33,27.6009
2026-05-19 15:46:34,27.5682
2026-05-19 15:46:35,27.5793
2026-05-19 15:46:36,27.5873
2026-05-19 15:46:37,27.5941
2026-05-19 15:46:38,27.5750
2026-05-19 15:46:39,27.5945
2026-05-19 15:46:40,27.5952
2026-05-19 15:46:41,27.5970
2026-05-19 15:46:42,27.5818
2026-05-19 15:46:43,27.5957
2026-05-19 15:46:44,27.5909
2026-05-19 15:46:45,27.6064
2026-05-19 15:46:46,27.6468
2026-05-19 15:46:47,27.6819
2026-05-19 15:46:48,27.7027
2026-05-19 15:46:49,27.6956
2026-05-19 15:46:50,27.6853
2026-05-19 15:46:51,27.6800
2026-05-19 15:46:52,27.6968
2026-05-19 15:46:53,27.6980
2026-05-19 15:46:54,27.6895
2026-05-19 15:46:55,27.6616
2026-05-19 15:46:56,27.6620
2026-05-19 15:46:57,27.6975
2026-05-19 15:46:58,27.7068
2026-05-19 15:46:59,27.7036
2026-05-19 15:47:00,27.6870
2026-05-19 15:47:01,27.6859
2026-05-19 15:47:02,27.6972
2026-05-19 15:47:03,27.7064
2026-05-19 15:47:04,27.6845
2026-05-19 15:47:05,27.6733
2026-05-19 15:47:06,27.6573
2026-05-19 15:47:07,27.7036
2026-05-19 15:47:08,27.7082
2026-05-19 15:47:09,27.7139
2026-05-19 15:47:10,27.6955
2026-05-19 15:47:11,27.6655
2026-05-19 15:47:12,27.6689
2026-05-19 15:47:13,27.6777
2026-05-19 15:47:14,27.6616
2026-05-19 15:47:15,27.6780
2026-05-19 15:47:16,27.6770
2026-05-19 15:47:17,27.6757
2026-05-19 15:47:18,27.6661
2026-05-19 15:47:19,27.6707
2026-05-19 15:47:20,27.6142
2026-05-19 15:47:21,27.6118
2026-05-19 15:47:22,27.6107
2026-05-19 15:47:23,27.6170
2026-05-19 15:47:24,27.6225
2026-05-19 15:47:25,27.6711
2026-05-19 15:47:26,27.7081
2026-05-19 15:47:27,27.7200
2026-05-19 15:47:28,27.7239
2026-05-19 15:47:29,27.7052
2026-05-19 15:47:30,27.7114
2026-05-19 15:47:31,27.6850
2026-05-19 15:47:32,27.6805
2026-05-19 15:47:33,27.6505
2026-05-19 15:47:34,27.6391
2026-05-19 15:47:35,27.6236
2026-05-19 15:47:36,27.6052
2026-05-19 15:47:37,27.6136
2026-05-19 15:47:38,27.5823
2026-05-19 15:47:39,27.5757
2026-05-19 15:47:40,27.5816
2026-05-19 15:47:41,27.5538
2026-05-19 15:47:42,27.5307
2026-05-19 15:47:43,27.5271
2026-05-19 15:47:44,27.5005
2026-05-19 15:47:45,27.4837
2026-05-19 15:47:46,27.4916
2026-05-19 15:47:47,27.5523
2026-05-19 15:47:48,27.5966
2026-05-19 15:47:49,27.6391
2026-05-19 15:47:50,27.6645
2026-05-19 15:47:51,27.6989
2026-05-19 15:47:52,27.7155
2026-05-19 15:47:53,27.7348
2026-05-19 15:47:54,27.7381
2026-05-19 15:47:55,27.7258
2026-05-19 15:47:56,27.7086
2026-05-19 15:47:57,27.6957
2026-05-19 15:47:58,27.7086
2026-05-19 15:47:59,27.6357
2026-05-19 15:48:00,27.6409
2026-05-19 15:48:01,27.6470
2026-05-19 15:48:02,27.6491
2026-05-19 15:48:03,27.6766
2026-05-19 15:48:04,27.7407
2026-05-19 15:48:05,27.7436
2026-05-19 15:48:06,27.7502
2026-05-19 15:48:07,27.7355
2026-05-19 15:48:08,27.7309
2026-05-19 15:48:09,27.7425
2026-05-19 15:48:10,27.7557
2026-05-19 15:48:11,27.7409
2026-05-19 15:48:12,27.7419
2026-05-19 15:48:13,27.7539
2026-05-19 15:48:14,27.7505
2026-05-19 15:48:15,27.7465
2026-05-19 15:48:16,27.7382
2026-05-19 15:48:17,27.7548
2026-05-19 15:48:18,27.7551
2026-05-19 15:48:19,27.7543
2026-05-19 15:48:20,27.7457
2026-05-19 15:48:21,27.7614
2026-05-19 15:48:22,27.7582
2026-05-19 15:48:23,27.7536
2026-05-19 15:48:24,27.7488
2026-05-19 15:48:25,27.7451
2026-05-19 15:48:26,27.7614
2026-05-19 15:48:27,27.7693
2026-05-19 15:48:28,27.7633
2026-05-19 15:48:29,27.7268
2026-05-19 15:48:30,27.7239
2026-05-19 15:48:31,27.7214
2026-05-19 15:48:32,27.6911
2026-05-19 15:48:33,27.6534
2026-05-19 15:48:34,27.6007
2026-05-19 15:48:35,27.5841
2026-05-19 15:48:36,27.5482
2026-05-19 15:48:37,27.5452
2026-05-19 15:48:38,27.5941
2026-05-19 15:48:39,27.6441
2026-05-19 15:48:40,27.7239
2026-05-19 15:48:41,27.7632
2026-05-19 15:48:42,27.7758
2026-05-19 15:48:43,27.7748
2026-05-19 15:48:44,27.7641
2026-05-19 15:48:45,27.7598
2026-05-19 15:48:46,27.7682
2026-05-19 15:48:47,27.7784
2026-05-19 15:48:48,27.7741
2026-05-19 15:48:49,27.6007
2026-05-19 15:48:50,27.3405
2026-05-19 15:48:51,27.4118
2026-05-19 15:48:52,27.7111
2026-05-19 15:48:53,27.6618
2026-05-19 15:48:54,27.3477
2026-05-19 15:48:55,27.5214
2026-05-19 15:48:56,27.4598
2026-05-19 15:48:57,27.6873
2026-05-19 15:48:58,27.5084
2026-05-19 15:48:59,27.6909
2026-05-19 15:49:00,27.6478
2026-05-19 15:49:01,27.5045
2026-05-19 15:49:02,27.6761
2026-05-19 15:49:03,27.6544
2026-05-19 15:49:04,27.6439
2026-05-19 15:49:05,27.5484
2026-05-19 15:49:06,27.7195
2026-05-19 15:49:07,27.7234
2026-05-19 15:49:08,27.6561
2026-05-19 15:49:09,27.6661
2026-05-19 15:49:10,27.4898
2026-05-19 15:49:11,27.7209
2026-05-19 15:49:12,27.6575
2026-05-19 15:49:13,27.7184
2026-05-19 15:49:14,27.6882
2026-05-19 15:49:15,27.6323
2026-05-19 15:49:16,27.6491
2026-05-19 15:49:17,27.4767
2026-05-19 15:49:18,27.4300
2026-05-19 15:49:19,27.7786
2026-05-19 15:49:20,27.8059
2026-05-19 15:49:21,27.8007
2026-05-19 15:49:22,27.8084
2026-05-19 15:49:23,27.8198
2026-05-19 15:49:24,27.8093
2026-05-19 15:49:25,27.8145
2026-05-19 15:49:26,27.8118
2026-05-19 15:49:27,27.8277
2026-05-19 15:49:28,27.8189
2026-05-19 15:49:29,27.8222
2026-05-19 15:49:30,27.8272
2026-05-19 15:49:31,27.8267
2026-05-19 15:49:32,27.7840
2026-05-19 15:49:33,27.7900
2026-05-19 15:49:34,27.8077
2026-05-19 15:49:35,27.8282
2026-05-19 15:49:36,27.8279
2026-05-19 15:49:37,27.8324
2026-05-19 15:49:38,27.8384
2026-05-19 15:49:39,27.8293
2026-05-19 15:49:40,27.8052
2026-05-19 15:49:41,27.8120
2026-05-19 15:49:42,27.8370
2026-05-19 15:49:43,27.8350
2026-05-19 15:49:44,27.8409
2026-05-19 15:49:45,27.8236
2026-05-19 15:49:46,27.8386
2026-05-19 15:49:47,27.8473
2026-05-19 15:49:48,27.8486
2026-05-19 15:49:49,27.8175
2026-05-19 15:49:50,27.7736
2026-05-19 15:49:51,27.7525
2026-05-19 15:49:52,27.6861
2026-05-19 15:49:53,27.6656
2026-05-19 15:49:54,27.6375
2026-05-19 15:49:55,27.6280
2026-05-19 15:49:56,27.6464
2026-05-19 15:49:57,27.7077
2026-05-19 15:49:58,27.7950
2026-05-19 15:49:59,27.8425
2026-05-19 15:50:00,27.8564
2026-05-19 15:50:01,27.8712
2026-05-19 15:50:02,27.8731
2026-05-19 15:50:03,27.8791
2026-05-19 15:50:04,27.8716
2026-05-19 15:50:05,27.8779
2026-05-19 15:50:06,27.8409
2026-05-19 15:50:07,27.8535
2026-05-19 15:50:08,27.8700
2026-05-19 15:50:09,27.8931
2026-05-19 15:50:10,27.8809
2026-05-19 15:50:11,27.8741
2026-05-19 15:50:12,27.8674
2026-05-19 15:50:13,27.8480
2026-05-19 15:50:14,27.8498
2026-05-19 15:50:15,27.8655
2026-05-19 15:50:16,27.8965
2026-05-19 15:50:17,27.9053
2026-05-19 15:50:18,27.8972
2026-05-19 15:50:19,27.8736
2026-05-19 15:50:20,27.8230
2026-05-19 15:50:21,27.7951
2026-05-19 15:50:22,27.7642
2026-05-19 15:50:23,27.7247
2026-05-19 15:50:24,27.7523
2026-05-19 15:50:25,27.8350
2026-05-19 15:50:26,27.8936
2026-05-19 15:50:27,27.9148
2026-05-19 15:50:28,27.9250
2026-05-19 15:50:29,27.9230
2026-05-19 15:50:30,27.9257
2026-05-19 15:50:31,27.9259
2026-05-19 15:50:32,27.9270
2026-05-19 15:50:33,27.9259
2026-05-19 15:50:34,27.9268
2026-05-19 15:50:35,27.9347
2026-05-19 15:50:36,27.9370
2026-05-19 15:50:37,27.9398
2026-05-19 15:50:38,27.9100
2026-05-19 15:50:39,27.9064
2026-05-19 15:50:40,27.9100
2026-05-19 15:50:41,27.9136
2026-05-19 15:50:42,27.9045
2026-05-19 15:50:43,27.9250
2026-05-19 15:50:44,27.9159
2026-05-19 15:50:45,27.8775
2026-05-19 15:50:46,27.8684
2026-05-19 15:50:47,27.8755
2026-05-19 15:50:48,27.8593
2026-05-19 15:50:49,27.8880
2026-05-19 15:50:50,27.9491
2026-05-19 15:50:51,27.9767
2026-05-19 15:50:52,27.9795
2026-05-19 15:50:53,27.9820
2026-05-19 15:50:54,27.9855
2026-05-19 15:50:55,27.9586
2026-05-19 15:50:56,27.9543
2026-05-19 15:50:57,27.9489
2026-05-19 15:50:58,27.9691
2026-05-19 15:50:59,27.9325
2026-05-19 15:51:00,27.9036
2026-05-19 15:51:01,27.9155
2026-05-19 15:51:02,27.9759
2026-05-19 15:51:03,28.0056
2026-05-19 15:51:04,28.0155
2026-05-19 15:51:05,28.0234
2026-05-19 15:51:06,28.0209
2026-05-19 15:51:07,28.0027
2026-05-19 15:51:08,27.9670
2026-05-19 15:51:09,27.9111
2026-05-19 15:51:10,27.9414
2026-05-19 15:51:11,27.9514
2026-05-19 15:51:12,27.9134
2026-05-19 15:51:13,27.8580
2026-05-19 15:51:14,27.8539
2026-05-19 15:51:15,27.8261
2026-05-19 15:51:16,27.8193
2026-05-19 15:51:17,27.7955
2026-05-19 15:51:18,27.7757
2026-05-19 15:51:19,27.7516
2026-05-19 15:51:20,27.6916
2026-05-19 15:51:21,27.4668
2026-05-19 15:51:22,27.4537
2026-05-19 15:51:23,27.5193
2026-05-19 15:51:24,27.5451
2026-05-19 15:51:25,27.5918
2026-05-19 15:51:26,27.6535
2026-05-19 15:51:27,27.7180
2026-05-19 15:51:28,27.7789
2026-05-19 15:51:29,27.8389
2026-05-19 15:51:30,27.6339
2026-05-19 15:51:31,27.2828
2026-05-19 15:51:32,27.5318
2026-05-19 15:51:33,27.6273
2026-05-19 15:51:34,27.7280
2026-05-19 15:51:35,27.5505
2026-05-19 15:51:36,27.9068
2026-05-19 15:51:37,27.8339
2026-05-19 15:51:38,27.8723
2026-05-19 15:51:39,28.0020
2026-05-19 15:51:40,27.6532
2026-05-19 15:51:41,27.5882
2026-05-19 15:51:42,27.6773
2026-05-19 15:51:43,27.5577
2026-05-19 15:51:44,27.6166
2026-05-19 15:51:45,27.5807
2026-05-19 15:51:46,27.2335
2026-05-19 15:51:47,27.6795
2026-05-19 15:51:48,27.4486
2026-05-19 15:51:49,27.8368
2026-05-19 15:51:50,27.3367
2026-05-19 15:51:51,27.4732
2026-05-19 15:51:52,27.5784
2026-05-19 15:51:53,27.6427
2026-05-19 15:51:54,27.7598
2026-05-19 15:51:55,27.5305
2026-05-19 15:51:56,27.8366
2026-05-19 15:51:57,27.9318
2026-05-19 15:51:58,27.5765
2026-05-19 15:51:59,27.4332
2026-05-19 15:52:00,27.5600
2026-05-19 15:52:01,27.5441
2026-05-19 15:52:02,27.6066
2026-05-19 15:52:03,27.6082
2026-05-19 15:52:04,27.4732
2026-05-19 15:52:05,27.4823
2026-05-19 15:52:06,27.5407
2026-05-19 15:52:07,27.1837
2026-05-19 15:52:08,26.9207
2026-05-19 15:52:09,27.3568
2026-05-19 15:52:10,27.2763
2026-05-19 15:52:11,27.5595
2026-05-19 15:52:12,27.5742
2026-05-19 15:52:13,27.5907
2026-05-19 15:52:14,27.5675
2026-05-19 15:52:15,27.6345
2026-05-19 15:52:16,27.5788
2026-05-19 15:52:17,27.5045
2026-05-19 15:52:18,27.4934
2026-05-19 15:52:19,27.4550
2026-05-19 15:52:20,27.4559
2026-05-19 15:52:21,27.5152
2026-05-19 15:52:22,27.4623
2026-05-19 15:52:23,27.2820
2026-05-19 15:52:24,27.1693
2026-05-19 15:52:25,27.0316
2026-05-19 15:52:26,27.4220
2026-05-19 15:52:27,27.1561
2026-05-19 15:52:28,27.4461
2026-05-19 15:52:29,27.3809
2026-05-19 15:52:30,27.4714
2026-05-19 15:52:31,27.4425
2026-05-19 15:52:32,27.4698
2026-05-19 15:52:33,27.3898
2026-05-19 15:52:34,27.4291
2026-05-19 15:52:35,27.4486
2026-05-19 15:52:36,27.2686
2026-05-19 15:52:37,27.4533
2026-05-19 15:52:38,27.4514
2026-05-19 15:52:39,27.4027
2026-05-19 15:52:40,27.4402
2026-05-19 15:52:41,27.4600
2026-05-19 15:52:42,27.4030
2026-05-19 15:52:43,27.3809
2026-05-19 15:52:44,27.4002
2026-05-19 15:52:45,27.4700
2026-05-19 15:52:46,27.4847
2026-05-19 15:52:47,27.5182
2026-05-19 15:52:48,27.4795
2026-05-19 15:52:49,27.4980
2026-05-19 15:52:50,27.4477
2026-05-19 15:52:51,27.3884
2026-05-19 15:52:52,27.3970
2026-05-19 15:52:53,27.3848
2026-05-19 15:52:54,27.3882
2026-05-19 15:52:55,27.4133
2026-05-19 15:52:56,27.4639
2026-05-19 15:52:57,27.4593
2026-05-19 15:52:58,27.4656
2026-05-19 15:52:59,27.4689
2026-05-19 15:53:00,27.3991
2026-05-19 15:53:01,27.3866
2026-05-19 15:53:02,27.4005
2026-05-19 15:53:03,27.4398
2026-05-19 15:53:04,27.4239
2026-05-19 15:53:05,27.4009
2026-05-19 15:53:06,27.3584
2026-05-19 15:53:07,27.3300
2026-05-19 15:53:08,27.3970
2026-05-19 15:53:09,27.4655
2026-05-19 15:53:10,27.4586
2026-05-19 15:53:11,27.4386
2026-05-19 15:53:12,27.4114
2026-05-19 15:53:13,27.3547
2026-05-19 15:53:14,27.3543
2026-05-19 15:53:15,27.3011
2026-05-19 15:53:16,27.2884
2026-05-19 15:53:17,27.3536
2026-05-19 15:53:18,27.3870
2026-05-19 15:53:19,27.4245
2026-05-19 15:53:20,27.3777
2026-05-19 15:53:21,27.3916
2026-05-19 15:53:22,27.3793
2026-05-19 15:53:23,27.4025
2026-05-19 15:53:24,27.3414
2026-05-19 15:53:25,27.4182
2026-05-19 15:53:26,27.4411
2026-05-19 15:53:27,27.3973
2026-05-19 15:53:28,27.3686
2026-05-19 15:53:29,27.2850
2026-05-19 15:53:30,27.3407
2026-05-19 15:53:31,27.3602
2026-05-19 15:53:32,27.2857
2026-05-19 15:53:33,27.2757
2026-05-19 15:53:34,27.2734
2026-05-19 15:53:35,27.3605
2026-05-19 15:53:36,27.3093
2026-05-19 15:53:37,27.3084
2026-05-19 15:53:38,27.4098
2026-05-19 15:53:39,27.3675
2026-05-19 15:53:40,27.3528
2026-05-19 15:53:41,27.3702
2026-05-19 15:53:42,27.3548
2026-05-19 15:53:43,27.3167
2026-05-19 15:53:44,27.3361
2026-05-19 15:53:45,27.3884
2026-05-19 15:53:46,27.3580
2026-05-19 15:53:47,27.2264
2026-05-19 15:53:48,27.0182
2026-05-19 15:53:49,26.9895
2026-05-19 15:53:50,27.0080
2026-05-19 15:53:51,26.9673
2026-05-19 15:53:52,27.0165
2026-05-19 15:53:53,27.1368
2026-05-19 15:53:54,27.2882
2026-05-19 15:53:55,27.3968
2026-05-19 15:53:56,27.5334
2026-05-19 15:53:57,28.0236
2026-05-19 15:53:58,28.9489
2026-05-19 15:53:59,28.8284
2026-05-19 15:54:00,28.9691
2026-05-19 15:54:01,28.8530
2026-05-19 15:54:02,28.8205
2026-05-19 15:54:03,28.5609
2026-05-19 15:54:04,27.3357
2026-05-19 15:54:05,27.8882
2026-05-19 15:54:06,28.0827
2026-05-19 15:54:07,28.6932
2026-05-19 15:54:08,28.8975
2026-05-19 15:54:09,28.7489
2026-05-19 15:54:10,28.9809
2026-05-19 15:54:11,28.9786
2026-05-19 15:54:12,28.9368
2026-05-19 15:54:13,28.5658
2026-05-19 15:54:14,28.9727
2026-05-19 15:54:15,28.8970
2026-05-19 15:54:16,28.8395
2026-05-19 15:54:17,28.9475
2026-05-19 15:54:18,28.3659
2026-05-19 15:54:19,28.4482
2026-05-19 15:54:20,28.9330
2026-05-19 15:54:21,28.9300
2026-05-19 15:54:22,28.9158