"Time","mppt.I { device: biggy }"
2025-03-11 12:02:20,24.790 A
2025-03-11 12:02:22,24.732 A
2025-03-11 12:02:24,24.252 A
2025-03-11 12:02:26,24.088 A
2025-03-11 12:02:28,24.146 A
2025-03-11 12:02:30,23.958 A
2025-03-11 12:02:32,23.351 A
2025-03-11 12:02:34,22.948 A
2025-03-11 12:02:36,23.007 A
2025-03-11 12:02:38,23.190 A
2025-03-11 12:02:40,23.343 A
2025-03-11 12:02:42,23.364 A
2025-03-11 12:02:44,23.386 A
2025-03-11 12:02:46,23.457 A
2025-03-11 12:02:48,23.410 A
2025-03-11 12:02:50,23.617 A
2025-03-11 12:02:52,24.295 A
2025-03-11 12:02:54,21.869 A
2025-03-11 12:02:56,15.762 A
2025-03-11 12:02:58,9.768 A
2025-03-11 12:03:00,7.580 A
2025-03-11 12:03:02,6.985 A
2025-03-11 12:03:04,6.775 A
2025-03-11 12:03:06,7.411 A
2025-03-11 12:03:08,8.440 A
2025-03-11 12:03:10,9.174 A
2025-03-11 12:03:12,8.932 A
2025-03-11 12:03:14,7.439 A
2025-03-11 12:03:16,6.404 A
2025-03-11 12:03:18,6.117 A
2025-03-11 12:03:20,6.028 A
2025-03-11 12:03:22,5.957 A
2025-03-11 12:03:24,5.885 A
2025-03-11 12:03:26,5.844 A
2025-03-11 12:03:28,5.840 A
2025-03-11 12:03:30,5.835 A
2025-03-11 12:03:32,5.926 A
2025-03-11 12:03:34,5.991 A
2025-03-11 12:03:36,6.117 A
2025-03-11 12:03:38,6.136 A
2025-03-11 12:03:40,6.300 A
2025-03-11 12:03:42,6.729 A
2025-03-11 12:03:44,7.448 A
2025-03-11 12:03:46,7.208 A
2025-03-11 12:03:48,7.391 A
2025-03-11 12:03:50,7.134 A
2025-03-11 12:03:52,6.563 A
2025-03-11 12:03:54,6.271 A
2025-03-11 12:03:56,6.310 A
2025-03-11 12:03:58,6.815 A
2025-03-11 12:04:00,8.003 A
2025-03-11 12:04:02,12.054 A
2025-03-11 12:04:04,11.560 A
2025-03-11 12:04:06,12.338 A
2025-03-11 12:04:08,15.778 A
2025-03-11 12:04:10,22.838 A
2025-03-11 12:04:12,19.525 A
2025-03-11 12:04:14,15.293 A
2025-03-11 12:04:16,17.730 A
2025-03-11 12:04:18,27.426 A
2025-03-11 12:04:20,27.040 A
2025-03-11 12:04:22,27.478 A
2025-03-11 12:04:24,27.648 A
2025-03-11 12:04:26,27.462 A
2025-03-11 12:04:28,26.947 A
2025-03-11 12:04:30,25.343 A
2025-03-11 12:04:32,26.667 A
2025-03-11 12:04:34,27.405 A
2025-03-11 12:04:36,27.290 A
2025-03-11 12:04:38,24.555 A
2025-03-11 12:04:40,26.086 A
2025-03-11 12:04:42,24.461 A
2025-03-11 12:04:44,27.176 A
2025-03-11 12:04:46,27.373 A
2025-03-11 12:04:48,26.879 A
2025-03-11 12:04:50,24.833 A
2025-03-11 12:04:52,21.703 A
2025-03-11 12:04:54,19.041 A
2025-03-11 12:04:56,19.614 A
2025-03-11 12:04:58,21.920 A
2025-03-11 12:05:00,18.150 A
2025-03-11 12:05:02,15.816 A
2025-03-11 12:05:04,16.846 A
2025-03-11 12:05:06,24.722 A
2025-03-11 12:05:08,26.273 A
2025-03-11 12:05:10,25.686 A
2025-03-11 12:05:12,25.690 A
2025-03-11 12:05:14,25.952 A
2025-03-11 12:05:16,25.741 A
2025-03-11 12:05:18,10.081 A
2025-03-11 12:05:20,8.617 A
2025-03-11 12:05:22,11.682 A
2025-03-11 12:05:24,13.136 A
2025-03-11 12:05:26,10.110 A
2025-03-11 12:05:28,9.699 A
2025-03-11 12:05:30,12.188 A
2025-03-11 12:05:32,15.473 A
2025-03-11 12:05:34,20.573 A
2025-03-11 12:05:36,11.876 A
2025-03-11 12:05:38,10.746 A
2025-03-11 12:05:40,11.432 A
2025-03-11 12:05:42,9.779 A
2025-03-11 12:05:44,11.447 A
2025-03-11 12:05:46,8.746 A
2025-03-11 12:05:48,8.301 A
2025-03-11 12:05:50,8.674 A
2025-03-11 12:05:52,13.881 A
2025-03-11 12:05:54,19.735 A
2025-03-11 12:05:56,14.826 A
2025-03-11 12:05:58,15.948 A
2025-03-11 12:06:00,20.626 A
2025-03-11 12:06:02,26.568 A
2025-03-11 12:06:04,27.906 A
2025-03-11 12:06:06,26.777 A
2025-03-11 12:06:08,23.930 A
2025-03-11 12:06:10,19.098 A
2025-03-11 12:06:12,16.174 A
2025-03-11 12:06:14,12.970 A
2025-03-11 12:06:16,10.297 A
2025-03-11 12:06:18,8.207 A
2025-03-11 12:06:20,6.874 A
2025-03-11 12:06:22,6.243 A
2025-03-11 12:06:24,5.938 A
2025-03-11 12:06:26,5.892 A
2025-03-11 12:06:28,6.020 A
2025-03-11 12:06:30,6.131 A
2025-03-11 12:06:32,6.117 A
2025-03-11 12:06:34,6.137 A
2025-03-11 12:06:36,6.114 A
2025-03-11 12:06:38,6.218 A
2025-03-11 12:06:40,6.387 A
2025-03-11 12:06:42,6.390 A
2025-03-11 12:06:44,6.611 A
2025-03-11 12:06:46,8.332 A
2025-03-11 12:06:48,15.159 A
2025-03-11 12:06:50,20.609 A
2025-03-11 12:06:52,23.395 A
2025-03-11 12:06:54,20.492 A
2025-03-11 12:06:56,20.802 A
2025-03-11 12:06:58,21.678 A
2025-03-11 12:07:00,19.889 A
2025-03-11 12:07:02,19.214 A
2025-03-11 12:07:04,18.134 A
2025-03-11 12:07:06,19.589 A
2025-03-11 12:07:08,22.321 A
2025-03-11 12:07:10,18.164 A
2025-03-11 12:07:12,14.902 A
2025-03-11 12:07:14,16.539 A
2025-03-11 12:07:16,14.969 A
2025-03-11 12:07:18,12.284 A
2025-03-11 12:07:20,14.686 A
2025-03-11 12:07:22,14.315 A
2025-03-11 12:07:24,16.231 A
2025-03-11 12:07:26,13.075 A
2025-03-11 12:07:28,12.420 A
2025-03-11 12:07:30,12.525 A
2025-03-11 12:07:32,12.043 A
2025-03-11 12:07:34,12.167 A
2025-03-11 12:07:36,12.798 A
2025-03-11 12:07:38,14.015 A
2025-03-11 12:07:40,14.571 A
2025-03-11 12:07:42,13.754 A
2025-03-11 12:07:44,14.939 A
2025-03-11 12:07:46,17.559 A
2025-03-11 12:07:48,21.790 A
2025-03-11 12:07:50,21.841 A
2025-03-11 12:07:52,22.061 A
2025-03-11 12:07:54,25.877 A
2025-03-11 12:07:56,24.696 A
2025-03-11 12:07:58,22.198 A
2025-03-11 12:08:00,22.704 A
2025-03-11 12:08:02,24.915 A
2025-03-11 12:08:04,25.063 A
2025-03-11 12:08:06,25.100 A
2025-03-11 12:08:08,25.322 A
2025-03-11 12:08:10,25.370 A
2025-03-11 12:08:12,25.395 A
2025-03-11 12:08:14,25.488 A
2025-03-11 12:08:16,25.453 A
2025-03-11 12:08:18,24.446 A
2025-03-11 12:08:20,23.681 A
2025-03-11 12:08:22,19.354 A
2025-03-11 12:08:24,20.072 A
2025-03-11 12:08:26,22.774 A
2025-03-11 12:08:28,17.878 A
2025-03-11 12:08:30,16.697 A
2025-03-11 12:08:32,17.521 A
2025-03-11 12:08:34,18.971 A
2025-03-11 12:08:36,19.944 A
2025-03-11 12:08:38,22.252 A
2025-03-11 12:08:40,22.870 A
2025-03-11 12:08:42,21.601 A
2025-03-11 12:08:44,24.306 A
2025-03-11 12:08:46,27.956 A
2025-03-11 12:08:48,27.840 A
2025-03-11 12:08:50,25.973 A
2025-03-11 12:08:52,22.381 A
2025-03-11 12:08:54,19.279 A
2025-03-11 12:08:56,21.142 A
2025-03-11 12:08:58,14.463 A
2025-03-11 12:09:00,8.513 A
2025-03-11 12:09:02,7.606 A
2025-03-11 12:09:04,7.496 A
2025-03-11 12:09:06,7.655 A
2025-03-11 12:09:08,7.893 A
2025-03-11 12:09:10,8.055 A
2025-03-11 12:09:12,8.032 A
2025-03-11 12:09:14,8.007 A
2025-03-11 12:09:16,8.004 A
2025-03-11 12:09:18,8.007 A
2025-03-11 12:09:20,8.045 A
2025-03-11 12:09:22,8.106 A
2025-03-11 12:09:24,8.200 A
2025-03-11 12:09:26,8.420 A
2025-03-11 12:09:28,8.691 A
2025-03-11 12:09:30,10.745 A
2025-03-11 12:09:32,13.167 A
2025-03-11 12:09:34,24.955 A
2025-03-11 12:09:36,29.596 A
2025-03-11 12:09:38,29.344 A
2025-03-11 12:09:40,29.138 A
2025-03-11 12:09:42,28.801 A
2025-03-11 12:09:44,28.662 A
2025-03-11 12:09:46,28.622 A
2025-03-11 12:09:48,28.527 A
2025-03-11 12:09:50,28.571 A
2025-03-11 12:09:52,28.278 A
2025-03-11 12:09:54,28.178 A
2025-03-11 12:09:56,28.050 A
2025-03-11 12:09:58,27.910 A
2025-03-11 12:10:00,28.180 A
2025-03-11 12:10:02,28.254 A
2025-03-11 12:10:04,28.281 A
2025-03-11 12:10:06,28.588 A
2025-03-11 12:10:08,28.747 A
2025-03-11 12:10:10,24.630 A
2025-03-11 12:10:12,13.534 A
2025-03-11 12:10:14,10.567 A
2025-03-11 12:10:16,9.361 A
2025-03-11 12:10:18,8.779 A
2025-03-11 12:10:20,8.778 A
2025-03-11 12:10:22,8.952 A
2025-03-11 12:10:24,9.210 A
2025-03-11 12:10:26,9.368 A
2025-03-11 12:10:28,9.381 A
2025-03-11 12:10:30,9.400 A
2025-03-11 12:10:32,9.509 A
2025-03-11 12:10:34,9.600 A
2025-03-11 12:10:36,9.988 A
2025-03-11 12:10:38,10.849 A
2025-03-11 12:10:40,17.277 A
2025-03-11 12:10:42,17.897 A
2025-03-11 12:10:44,15.261 A
2025-03-11 12:10:46,12.473 A
2025-03-11 12:10:48,8.803 A
2025-03-11 12:10:50,4.308 A
2025-03-11 12:10:52,9.657 A
2025-03-11 12:10:54,16.787 A
2025-03-11 12:10:56,24.596 A
2025-03-11 12:10:58,28.195 A
2025-03-11 12:11:00,29.551 A
2025-03-11 12:11:02,27.773 A
2025-03-11 12:11:04,25.361 A
2025-03-11 12:11:06,26.188 A
2025-03-11 12:11:08,27.563 A
2025-03-11 12:11:10,27.934 A
2025-03-11 12:11:12,25.461 A
2025-03-11 12:11:14,25.713 A
2025-03-11 12:11:16,26.279 A
2025-03-11 12:11:18,22.645 A
2025-03-11 12:11:20,14.881 A
2025-03-11 12:11:22,12.971 A
2025-03-11 12:11:24,11.674 A
2025-03-11 12:11:26,12.189 A
2025-03-11 12:11:28,14.432 A
2025-03-11 12:11:30,16.924 A
2025-03-11 12:11:32,19.111 A
2025-03-11 12:11:34,16.809 A
2025-03-11 12:11:36,9.683 A
2025-03-11 12:11:38,7.916 A
2025-03-11 12:11:40,7.362 A
2025-03-11 12:11:42,7.087 A
2025-03-11 12:11:44,6.869 A
2025-03-11 12:11:46,6.692 A
2025-03-11 12:11:48,6.539 A
2025-03-11 12:11:50,6.413 A
2025-03-11 12:11:52,6.300 A
2025-03-11 12:11:54,6.199 A
2025-03-11 12:11:56,6.109 A
2025-03-11 12:11:58,6.028 A
2025-03-11 12:12:00,5.959 A
2025-03-11 12:12:02,5.897 A
2025-03-11 12:12:04,5.847 A
2025-03-11 12:12:06,5.803 A
2025-03-11 12:12:08,5.775 A
2025-03-11 12:12:10,5.752 A
2025-03-11 12:12:12,5.738 A
2025-03-11 12:12:14,5.737 A
2025-03-11 12:12:16,5.742 A
2025-03-11 12:12:18,5.782 A
2025-03-11 12:12:20,5.797 A
2025-03-11 12:12:22,5.843 A
2025-03-11 12:12:24,5.917 A
2025-03-11 12:12:26,5.967 A
2025-03-11 12:12:28,6.090 A
2025-03-11 12:12:30,6.119 A
2025-03-11 12:12:32,6.507 A
2025-03-11 12:12:34,6.860 A
2025-03-11 12:12:36,7.700 A
2025-03-11 12:12:38,7.862 A
2025-03-11 12:12:40,8.180 A
2025-03-11 12:12:42,19.571 A
2025-03-11 12:12:44,28.205 A
2025-03-11 12:12:46,28.474 A
2025-03-11 12:12:48,27.354 A
2025-03-11 12:12:50,27.967 A
2025-03-11 12:12:52,28.471 A
2025-03-11 12:12:54,
2025-03-11 12:12:56,
2025-03-11 12:12:58,
2025-03-11 12:13:00,0.000 A
2025-03-11 12:13:02,41.978 mA
2025-03-11 12:13:04,351.522 mA
2025-03-11 12:13:06,1.036 A
2025-03-11 12:13:08,1.954 A
2025-03-11 12:13:10,12.152 A
2025-03-11 12:13:12,23.442 A
2025-03-11 12:13:14,26.866 A
2025-03-11 12:13:16,28.093 A
2025-03-11 12:13:18,28.634 A
2025-03-11 12:13:20,28.768 A
2025-03-11 12:13:22,28.747 A
2025-03-11 12:13:24,28.655 A
2025-03-11 12:13:26,28.785 A
2025-03-11 12:13:28,28.273 A
2025-03-11 12:13:30,28.395 A
2025-03-11 12:13:32,28.665 A
2025-03-11 12:13:34,28.522 A
2025-03-11 12:13:36,27.270 A
2025-03-11 12:13:38,24.719 A
2025-03-11 12:13:40,21.896 A
2025-03-11 12:13:42,26.023 A
2025-03-11 12:13:44,27.278 A
2025-03-11 12:13:46,26.130 A
2025-03-11 12:13:48,25.063 A
2025-03-11 12:13:50,23.484 A
2025-03-11 12:13:52,18.851 A
2025-03-11 12:13:54,12.836 A
2025-03-11 12:13:56,9.680 A
2025-03-11 12:13:58,8.640 A
2025-03-11 12:14:00,8.261 A
2025-03-11 12:14:02,8.406 A
2025-03-11 12:14:04,8.730 A
2025-03-11 12:14:06,9.108 A
2025-03-11 12:14:08,9.364 A
2025-03-11 12:14:10,9.647 A
2025-03-11 12:14:12,9.759 A
2025-03-11 12:14:14,10.079 A
2025-03-11 12:14:16,11.359 A
2025-03-11 12:14:18,11.306 A
2025-03-11 12:14:20,10.062 A
2025-03-11 12:14:22,9.701 A
2025-03-11 12:14:24,9.910 A
2025-03-11 12:14:26,10.079 A
2025-03-11 12:14:28,10.072 A
2025-03-11 12:14:30,10.182 A
2025-03-11 12:14:32,10.286 A
2025-03-11 12:14:34,10.244 A
2025-03-11 12:14:36,10.237 A
2025-03-11 12:14:38,10.206 A
2025-03-11 12:14:40,10.182 A
2025-03-11 12:14:42,10.283 A
2025-03-11 12:14:44,10.375 A
2025-03-11 12:14:46,11.283 A
2025-03-11 12:14:48,13.634 A
2025-03-11 12:14:50,12.078 A
2025-03-11 12:14:52,11.029 A
2025-03-11 12:14:54,10.697 A
2025-03-11 12:14:56,10.249 A
2025-03-11 12:14:58,10.114 A
2025-03-11 12:15:00,9.901 A
2025-03-11 12:15:02,9.720 A
2025-03-11 12:15:04,9.931 A
2025-03-11 12:15:06,10.050 A
2025-03-11 12:15:08,10.177 A
2025-03-11 12:15:10,10.346 A
2025-03-11 12:15:12,10.467 A
2025-03-11 12:15:14,10.769 A
2025-03-11 12:15:16,10.735 A
2025-03-11 12:15:18,10.149 A
2025-03-11 12:15:20,10.176 A
2025-03-11 12:15:22,10.468 A
2025-03-11 12:15:24,10.662 A
2025-03-11 12:15:26,10.652 A
2025-03-11 12:15:28,10.598 A
2025-03-11 12:15:30,10.548 A
2025-03-11 12:15:32,10.505 A
2025-03-11 12:15:34,10.461 A
2025-03-11 12:15:36,10.428 A
2025-03-11 12:15:38,10.391 A
2025-03-11 12:15:40,10.357 A
2025-03-11 12:15:42,10.324 A
2025-03-11 12:15:44,10.288 A
2025-03-11 12:15:46,10.257 A
2025-03-11 12:15:48,10.215 A
2025-03-11 12:15:50,10.184 A
2025-03-11 12:15:52,10.145 A
2025-03-11 12:15:54,10.106 A
2025-03-11 12:15:56,10.077 A
2025-03-11 12:15:58,10.036 A
2025-03-11 12:16:00,9.992 A
2025-03-11 12:16:02,9.952 A
2025-03-11 12:16:04,9.913 A
2025-03-11 12:16:06,9.870 A
2025-03-11 12:16:08,9.824 A
2025-03-11 12:16:10,9.762 A
2025-03-11 12:16:12,9.702 A
2025-03-11 12:16:14,9.639 A
2025-03-11 12:16:16,9.557 A
2025-03-11 12:16:18,9.457 A
2025-03-11 12:16:20,9.356 A
2025-03-11 12:16:22,9.250 A
2025-03-11 12:16:24,9.133 A
2025-03-11 12:16:26,9.032 A
2025-03-11 12:16:28,8.926 A
2025-03-11 12:16:30,8.820 A
2025-03-11 12:16:32,8.711 A
2025-03-11 12:16:34,8.597 A
2025-03-11 12:16:36,8.484 A
2025-03-11 12:16:38,8.373 A
2025-03-11 12:16:40,8.260 A
2025-03-11 12:16:42,8.149 A
2025-03-11 12:16:44,8.042 A
2025-03-11 12:16:46,7.938 A
2025-03-11 12:16:48,7.832 A
2025-03-11 12:16:50,7.724 A
2025-03-11 12:16:52,7.621 A
2025-03-11 12:16:54,7.522 A
2025-03-11 12:16:56,7.427 A
2025-03-11 12:16:58,7.325 A
2025-03-11 12:17:00,7.230 A
2025-03-11 12:17:02,7.134 A
2025-03-11 12:17:04,7.039 A
2025-03-11 12:17:06,6.943 A
2025-03-11 12:17:08,6.849 A
2025-03-11 12:17:10,6.753 A
2025-03-11 12:17:12,6.666 A
2025-03-11 12:17:14,6.577 A
2025-03-11 12:17:16,6.496 A
2025-03-11 12:17:18,6.421 A
2025-03-11 12:17:20,6.340 A
2025-03-11 12:17:22,6.268 A
2025-03-11 12:17:24,6.193 A
2025-03-11 12:17:26,6.126 A
2025-03-11 12:17:28,6.061 A
2025-03-11 12:17:30,5.994 A
2025-03-11 12:17:32,5.921 A
2025-03-11 12:17:34,5.862 A
2025-03-11 12:17:36,5.795 A
2025-03-11 12:17:38,5.744 A
2025-03-11 12:17:40,5.688 A
2025-03-11 12:17:42,5.643 A
2025-03-11 12:17:44,5.596 A
2025-03-11 12:17:46,5.555 A
2025-03-11 12:17:48,5.516 A
2025-03-11 12:17:50,5.476 A
2025-03-11 12:17:52,5.439 A
2025-03-11 12:17:54,5.412 A
2025-03-11 12:17:56,5.393 A
2025-03-11 12:17:58,5.364 A
2025-03-11 12:18:00,5.338 A
2025-03-11 12:18:02,5.311 A
2025-03-11 12:18:04,5.283 A
2025-03-11 12:18:06,5.242 A
2025-03-11 12:18:08,5.218 A
2025-03-11 12:18:10,5.194 A
2025-03-11 12:18:12,5.168 A
2025-03-11 12:18:14,5.139 A
2025-03-11 12:18:16,5.111 A
2025-03-11 12:18:18,5.085 A
2025-03-11 12:18:20,5.065 A
2025-03-11 12:18:22,5.042 A
2025-03-11 12:18:24,5.007 A
2025-03-11 12:18:26,4.984 A
2025-03-11 12:18:28,4.956 A
2025-03-11 12:18:30,4.933 A
2025-03-11 12:18:32,4.907 A
2025-03-11 12:18:34,4.885 A
2025-03-11 12:18:36,4.866 A
2025-03-11 12:18:38,4.841 A
2025-03-11 12:18:40,4.814 A
2025-03-11 12:18:42,4.786 A
2025-03-11 12:18:44,4.760 A
2025-03-11 12:18:46,4.733 A
2025-03-11 12:18:48,4.710 A
2025-03-11 12:18:50,4.687 A
2025-03-11 12:18:52,4.662 A
2025-03-11 12:18:54,4.635 A
2025-03-11 12:18:56,4.615 A
2025-03-11 12:18:58,4.590 A
2025-03-11 12:19:00,4.569 A
2025-03-11 12:19:02,4.542 A
2025-03-11 12:19:04,4.522 A
2025-03-11 12:19:06,4.499 A
2025-03-11 12:19:08,4.457 A
2025-03-11 12:19:10,4.446 A
2025-03-11 12:19:12,4.424 A
2025-03-11 12:19:14,4.387 A
2025-03-11 12:19:16,4.373 A
2025-03-11 12:19:18,4.355 A
2025-03-11 12:19:20,4.337 A
2025-03-11 12:19:22,4.313 A
2025-03-11 12:19:24,4.284 A
2025-03-11 12:19:26,4.273 A
2025-03-11 12:19:28,4.255 A
2025-03-11 12:19:30,4.238 A
2025-03-11 12:19:32,4.223 A
2025-03-11 12:19:34,4.195 A
2025-03-11 12:19:36,4.203 A
2025-03-11 12:19:38,4.195 A
2025-03-11 12:19:40,4.188 A
2025-03-11 12:19:42,4.188 A
2025-03-11 12:19:44,4.175 A
2025-03-11 12:19:46,4.174 A
2025-03-11 12:19:48,4.171 A
2025-03-11 12:19:50,4.159 A
2025-03-11 12:19:52,4.167 A
2025-03-11 12:19:54,4.155 A
2025-03-11 12:19:56,4.157 A
2025-03-11 12:19:58,4.155 A
2025-03-11 12:20:00,4.153 A
2025-03-11 12:20:02,4.160 A
2025-03-11 12:20:04,4.154 A
2025-03-11 12:20:06,4.171 A
2025-03-11 12:20:08,4.163 A
2025-03-11 12:20:10,4.182 A
2025-03-11 12:20:12,4.182 A
2025-03-11 12:20:14,4.195 A
2025-03-11 12:20:16,4.193 A
2025-03-11 12:20:18,4.217 A
2025-03-11 12:20:20,4.227 A
2025-03-11 12:20:22,4.230 A
2025-03-11 12:20:24,4.251 A
2025-03-11 12:20:26,4.260 A
2025-03-11 12:20:28,4.281 A
2025-03-11 12:20:30,4.276 A
2025-03-11 12:20:32,4.306 A
2025-03-11 12:20:34,4.311 A
2025-03-11 12:20:36,4.338 A
2025-03-11 12:20:38,4.330 A
2025-03-11 12:20:40,4.369 A
2025-03-11 12:20:42,4.375 A
2025-03-11 12:20:44,4.401 A
2025-03-11 12:20:46,4.397 A
2025-03-11 12:20:48,4.445 A
2025-03-11 12:20:50,4.458 A
2025-03-11 12:20:52,4.480 A
2025-03-11 12:20:54,4.488 A
2025-03-11 12:20:56,4.513 A
2025-03-11 12:20:58,4.552 A
2025-03-11 12:21:00,4.565 A
2025-03-11 12:21:02,4.589 A
2025-03-11 12:21:04,4.617 A
2025-03-11 12:21:06,4.663 A
2025-03-11 12:21:08,4.686 A
2025-03-11 12:21:10,4.694 A
2025-03-11 12:21:12,4.743 A
2025-03-11 12:21:14,4.789 A
2025-03-11 12:21:16,4.784 A
2025-03-11 12:21:18,4.846 A
2025-03-11 12:21:20,4.891 A
2025-03-11 12:21:22,4.905 A
2025-03-11 12:21:24,4.954 A
2025-03-11 12:21:26,4.989 A
2025-03-11 12:21:28,5.042 A
2025-03-11 12:21:30,5.070 A
2025-03-11 12:21:32,5.099 A
2025-03-11 12:21:34,5.161 A
2025-03-11 12:21:36,5.206 A
2025-03-11 12:21:38,5.216 A
2025-03-11 12:21:40,5.280 A
2025-03-11 12:21:42,5.338 A
2025-03-11 12:21:44,5.366 A
2025-03-11 12:21:46,5.418 A
2025-03-11 12:21:48,5.488 A
2025-03-11 12:21:50,5.548 A
2025-03-11 12:21:52,5.599 A
2025-03-11 12:21:54,5.652 A
2025-03-11 12:21:56,5.743 A
2025-03-11 12:21:58,5.778 A
2025-03-11 12:22:00,5.851 A
2025-03-11 12:22:02,5.941 A
2025-03-11 12:22:04,5.989 A
2025-03-11 12:22:06,6.091 A
2025-03-11 12:22:08,6.165 A
2025-03-11 12:22:10,6.230 A
2025-03-11 12:22:12,6.366 A
2025-03-11 12:22:14,6.428 A
2025-03-11 12:22:16,6.532 A
2025-03-11 12:22:18,6.679 A
2025-03-11 12:22:20,6.742 A
2025-03-11 12:22:22,6.891 A
2025-03-11 12:22:24,7.042 A
2025-03-11 12:22:26,7.119 A
2025-03-11 12:22:28,7.397 A
2025-03-11 12:22:30,7.598 A
2025-03-11 12:22:32,7.977 A
2025-03-11 12:22:34,8.125 A
2025-03-11 12:22:36,8.457 A
2025-03-11 12:22:38,8.947 A
2025-03-11 12:22:40,9.191 A
2025-03-11 12:22:42,9.647 A
2025-03-11 12:22:44,10.380 A
2025-03-11 12:22:46,13.237 A
2025-03-11 12:22:48,17.785 A
2025-03-11 12:22:50,25.282 A
2025-03-11 12:22:52,27.029 A
2025-03-11 12:22:54,27.223 A
2025-03-11 12:22:56,27.179 A
2025-03-11 12:22:58,27.202 A
2025-03-11 12:23:00,27.331 A
2025-03-11 12:23:02,27.067 A
2025-03-11 12:23:04,22.815 A
2025-03-11 12:23:06,18.246 A
2025-03-11 12:23:08,21.357 A
2025-03-11 12:23:10,15.753 A
2025-03-11 12:23:12,12.844 A
2025-03-11 12:23:14,13.711 A
2025-03-11 12:23:16,12.510 A
2025-03-11 12:23:18,11.102 A
2025-03-11 12:23:20,11.254 A
2025-03-11 12:23:22,12.215 A
2025-03-11 12:23:24,13.874 A
2025-03-11 12:23:26,17.054 A
2025-03-11 12:23:28,18.704 A
2025-03-11 12:23:30,19.136 A
2025-03-11 12:23:32,18.253 A
2025-03-11 12:23:34,17.265 A
2025-03-11 12:23:36,16.541 A
2025-03-11 12:23:38,14.336 A
2025-03-11 12:23:40,12.593 A
2025-03-11 12:23:42,11.192 A
2025-03-11 12:23:44,10.151 A
2025-03-11 12:23:46,9.587 A
2025-03-11 12:23:48,9.381 A
2025-03-11 12:23:50,9.237 A
2025-03-11 12:23:52,9.158 A
2025-03-11 12:23:54,9.118 A
2025-03-11 12:23:56,9.093 A
2025-03-11 12:23:58,9.084 A
2025-03-11 12:24:00,9.076 A
2025-03-11 12:24:02,9.083 A
2025-03-11 12:24:04,9.094 A
2025-03-11 12:24:06,9.113 A
2025-03-11 12:24:08,9.151 A
2025-03-11 12:24:10,9.186 A
2025-03-11 12:24:12,9.310 A
2025-03-11 12:24:14,9.463 A
2025-03-11 12:24:16,9.515 A
2025-03-11 12:24:18,9.708 A
2025-03-11 12:24:20,9.713 A
2025-03-11 12:24:22,9.743 A
2025-03-11 12:24:24,9.800 A
2025-03-11 12:24:26,9.839 A
2025-03-11 12:24:28,9.889 A
2025-03-11 12:24:30,9.909 A
2025-03-11 12:24:32,9.925 A
2025-03-11 12:24:34,9.964 A
2025-03-11 12:24:36,10.060 A
2025-03-11 12:24:38,10.123 A
2025-03-11 12:24:40,10.406 A
2025-03-11 12:24:42,10.712 A
2025-03-11 12:24:44,11.035 A
2025-03-11 12:24:46,11.094 A
2025-03-11 12:24:48,11.138 A
2025-03-11 12:24:50,10.915 A
2025-03-11 12:24:52,10.838 A
2025-03-11 12:24:54,10.738 A
2025-03-11 12:24:56,10.614 A
2025-03-11 12:24:58,10.621 A
2025-03-11 12:25:00,10.880 A
2025-03-11 12:25:02,11.109 A
2025-03-11 12:25:04,11.421 A
2025-03-11 12:25:06,13.553 A
2025-03-11 12:25:08,15.465 A
2025-03-11 12:25:10,15.708 A
2025-03-11 12:25:12,13.739 A
2025-03-11 12:25:14,11.144 A
2025-03-11 12:25:16,9.527 A
2025-03-11 12:25:18,9.663 A
2025-03-11 12:25:20,10.246 A
2025-03-11 12:25:22,10.653 A
2025-03-11 12:25:24,10.596 A
2025-03-11 12:25:26,10.480 A
2025-03-11 12:25:28,10.167 A
2025-03-11 12:25:30,10.155 A
2025-03-11 12:25:32,10.054 A
2025-03-11 12:25:34,9.998 A
2025-03-11 12:25:36,9.981 A
2025-03-11 12:25:38,10.096 A
2025-03-11 12:25:40,9.978 A
2025-03-11 12:25:42,9.799 A
2025-03-11 12:25:44,9.756 A
2025-03-11 12:25:46,9.879 A
2025-03-11 12:25:48,10.024 A
2025-03-11 12:25:50,9.927 A
2025-03-11 12:25:52,9.825 A
2025-03-11 12:25:54,9.881 A
2025-03-11 12:25:56,10.323 A
2025-03-11 12:25:58,10.504 A
2025-03-11 12:26:00,10.921 A
2025-03-11 12:26:02,10.649 A
2025-03-11 12:26:04,10.359 A
2025-03-11 12:26:06,9.963 A
2025-03-11 12:26:08,9.739 A
2025-03-11 12:26:10,9.681 A
2025-03-11 12:26:12,9.656 A
2025-03-11 12:26:14,9.676 A
2025-03-11 12:26:16,9.641 A
2025-03-11 12:26:18,9.523 A
2025-03-11 12:26:20,9.399 A
2025-03-11 12:26:22,9.245 A
2025-03-11 12:26:24,9.058 A
2025-03-11 12:26:26,8.961 A
2025-03-11 12:26:28,8.918 A
2025-03-11 12:26:30,8.901 A
2025-03-11 12:26:32,8.900 A
2025-03-11 12:26:34,8.885 A
2025-03-11 12:26:36,8.878 A
2025-03-11 12:26:38,8.865 A
2025-03-11 12:26:40,8.847 A
2025-03-11 12:26:42,8.850 A
2025-03-11 12:26:44,8.854 A
2025-03-11 12:26:46,8.881 A
2025-03-11 12:26:48,8.950 A
2025-03-11 12:26:50,9.019 A
2025-03-11 12:26:52,9.426 A
2025-03-11 12:26:54,9.514 A
2025-03-11 12:26:56,9.330 A
2025-03-11 12:26:58,9.194 A
2025-03-11 12:27:00,9.183 A
2025-03-11 12:27:02,9.261 A
2025-03-11 12:27:04,9.330 A
2025-03-11 12:27:06,9.432 A
2025-03-11 12:27:08,9.508 A
2025-03-11 12:27:10,9.210 A
2025-03-11 12:27:12,8.942 A
2025-03-11 12:27:14,8.821 A
2025-03-11 12:27:16,8.780 A
2025-03-11 12:27:18,8.734 A
2025-03-11 12:27:20,8.578 A
2025-03-11 12:27:22,8.469 A
2025-03-11 12:27:24,8.383 A
2025-03-11 12:27:26,8.298 A
2025-03-11 12:27:28,8.229 A
2025-03-11 12:27:30,8.177 A
2025-03-11 12:27:32,8.128 A
2025-03-11 12:27:34,8.078 A
2025-03-11 12:27:36,8.040 A
2025-03-11 12:27:38,8.010 A
2025-03-11 12:27:40,7.986 A
2025-03-11 12:27:42,7.960 A
2025-03-11 12:27:44,7.944 A
2025-03-11 12:27:46,7.937 A
2025-03-11 12:27:48,7.939 A
2025-03-11 12:27:50,7.942 A
2025-03-11 12:27:52,7.964 A
2025-03-11 12:27:54,7.965 A
2025-03-11 12:27:56,7.988 A
2025-03-11 12:27:58,7.999 A
2025-03-11 12:28:00,8.021 A
2025-03-11 12:28:02,8.020 A
2025-03-11 12:28:04,8.058 A
2025-03-11 12:28:06,8.076 A
2025-03-11 12:28:08,8.101 A
2025-03-11 12:28:10,8.117 A
2025-03-11 12:28:12,8.134 A
2025-03-11 12:28:14,8.181 A
2025-03-11 12:28:16,8.217 A
2025-03-11 12:28:18,8.249 A
2025-03-11 12:28:20,8.300 A
2025-03-11 12:28:22,8.316 A
2025-03-11 12:28:24,8.390 A
2025-03-11 12:28:26,8.441 A
2025-03-11 12:28:28,8.502 A
2025-03-11 12:28:30,8.561 A
2025-03-11 12:28:32,8.589 A
2025-03-11 12:28:34,8.671 A
2025-03-11 12:28:36,8.722 A
2025-03-11 12:28:38,8.777 A
2025-03-11 12:28:40,8.824 A
2025-03-11 12:28:42,8.850 A
2025-03-11 12:28:44,8.904 A
2025-03-11 12:28:46,8.928 A
2025-03-11 12:28:48,8.974 A
2025-03-11 12:28:50,8.997 A
2025-03-11 12:28:52,9.044 A
2025-03-11 12:28:54,9.075 A
2025-03-11 12:28:56,9.127 A
2025-03-11 12:28:58,9.163 A
2025-03-11 12:29:00,9.212 A
2025-03-11 12:29:02,9.280 A
2025-03-11 12:29:04,9.296 A
2025-03-11 12:29:06,9.323 A
2025-03-11 12:29:08,9.304 A
2025-03-11 12:29:10,9.297 A
2025-03-11 12:29:12,9.309 A
2025-03-11 12:29:14,9.321 A
2025-03-11 12:29:16,9.360 A
2025-03-11 12:29:18,9.368 A
2025-03-11 12:29:20,9.397 A
2025-03-11 12:29:22,9.385 A
2025-03-11 12:29:24,9.400 A
2025-03-11 12:29:26,9.392 A
2025-03-11 12:29:28,9.409 A
2025-03-11 12:29:30,9.411 A
2025-03-11 12:29:32,9.427 A
2025-03-11 12:29:34,9.450 A
2025-03-11 12:29:36,9.467 A
2025-03-11 12:29:38,9.501 A
2025-03-11 12:29:40,9.513 A
2025-03-11 12:29:42,9.563 A
2025-03-11 12:29:44,9.580 A
2025-03-11 12:29:46,9.668 A
2025-03-11 12:29:48,9.722 A
2025-03-11 12:29:50,9.828 A
2025-03-11 12:29:52,9.961 A
2025-03-11 12:29:54,10.070 A
2025-03-11 12:29:56,10.151 A
2025-03-11 12:29:58,10.925 A
2025-03-11 12:30:00,11.596 A
2025-03-11 12:30:02,11.772 A
2025-03-11 12:30:04,11.839 A
2025-03-11 12:30:06,11.665 A
2025-03-11 12:30:08,11.513 A
2025-03-11 12:30:10,11.414 A
2025-03-11 12:30:12,11.452 A
2025-03-11 12:30:14,11.358 A
2025-03-11 12:30:16,10.887 A
2025-03-11 12:30:18,10.708 A
2025-03-11 12:30:20,10.652 A
2025-03-11 12:30:22,10.610 A
2025-03-11 12:30:24,10.528 A
2025-03-11 12:30:26,10.472 A
2025-03-11 12:30:28,10.432 A
2025-03-11 12:30:30,10.382 A
2025-03-11 12:30:32,10.326 A
2025-03-11 12:30:34,10.269 A
2025-03-11 12:30:36,10.201 A
2025-03-11 12:30:38,10.132 A
2025-03-11 12:30:40,10.104 A
2025-03-11 12:30:42,10.077 A
2025-03-11 12:30:44,10.073 A
2025-03-11 12:30:46,10.066 A
2025-03-11 12:30:48,10.057 A
2025-03-11 12:30:50,10.049 A
2025-03-11 12:30:52,10.025 A
2025-03-11 12:30:54,10.014 A
2025-03-11 12:30:56,9.998 A
2025-03-11 12:30:58,9.990 A
2025-03-11 12:31:00,9.968 A
2025-03-11 12:31:02,9.960 A
2025-03-11 12:31:04,9.946 A
2025-03-11 12:31:06,9.945 A
2025-03-11 12:31:08,9.955 A
2025-03-11 12:31:10,9.960 A
2025-03-11 12:31:12,9.977 A
2025-03-11 12:31:14,10.006 A
2025-03-11 12:31:16,10.045 A
2025-03-11 12:31:18,10.091 A
2025-03-11 12:31:20,10.129 A
2025-03-11 12:31:22,10.134 A
2025-03-11 12:31:24,10.402 A
2025-03-11 12:31:26,10.734 A
2025-03-11 12:31:28,10.825 A
2025-03-11 12:31:30,10.833 A
2025-03-11 12:31:32,11.223 A
2025-03-11 12:31:34,11.929 A
2025-03-11 12:31:36,12.349 A
2025-03-11 12:31:38,13.629 A
2025-03-11 12:31:40,14.599 A
2025-03-11 12:31:42,15.394 A
2025-03-11 12:31:44,15.540 A
2025-03-11 12:31:46,14.974 A
2025-03-11 12:31:48,14.403 A
2025-03-11 12:31:50,13.788 A
2025-03-11 12:31:52,13.453 A
2025-03-11 12:31:54,13.885 A
2025-03-11 12:31:56,14.026 A
2025-03-11 12:31:58,14.491 A
2025-03-11 12:32:00,15.172 A
2025-03-11 12:32:02,15.661 A
2025-03-11 12:32:04,16.515 A
2025-03-11 12:32:06,16.579 A
2025-03-11 12:32:08,16.264 A
2025-03-11 12:32:10,16.711 A
2025-03-11 12:32:12,17.439 A
2025-03-11 12:32:14,19.025 A
2025-03-11 12:32:16,19.234 A
2025-03-11 12:32:18,18.787 A
2025-03-11 12:32:20,19.992 A
2025-03-11 12:32:22,19.631 A
2025-03-11 12:32:24,18.598 A
2025-03-11 12:32:26,18.527 A
2025-03-11 12:32:28,20.454 A
2025-03-11 12:32:30,22.254 A
2025-03-11 12:32:32,22.951 A
2025-03-11 12:32:34,24.972 A
2025-03-11 12:32:36,26.175 A
2025-03-11 12:32:38,25.511 A
2025-03-11 12:32:40,23.956 A
2025-03-11 12:32:42,22.167 A
2025-03-11 12:32:44,20.273 A
2025-03-11 12:32:46,20.073 A
2025-03-11 12:32:48,20.072 A
2025-03-11 12:32:50,19.838 A
2025-03-11 12:32:52,20.788 A
2025-03-11 12:32:54,21.888 A
2025-03-11 12:32:56,20.930 A
2025-03-11 12:32:58,14.882 A
2025-03-11 12:33:00,12.679 A
2025-03-11 12:33:02,12.335 A
2025-03-11 12:33:04,15.452 A
2025-03-11 12:33:06,19.985 A
2025-03-11 12:33:08,21.603 A
2025-03-11 12:33:10,21.389 A
2025-03-11 12:33:12,18.871 A
2025-03-11 12:33:14,17.372 A
2025-03-11 12:33:16,16.860 A
2025-03-11 12:33:18,15.384 A
2025-03-11 12:33:20,14.054 A
2025-03-11 12:33:22,16.136 A
2025-03-11 12:33:24,20.662 A
2025-03-11 12:33:26,22.197 A
2025-03-11 12:33:28,21.998 A
2025-03-11 12:33:30,27.122 A
2025-03-11 12:33:32,28.079 A
2025-03-11 12:33:34,25.945 A
2025-03-11 12:33:36,26.302 A
2025-03-11 12:33:38,26.655 A
2025-03-11 12:33:40,26.296 A
2025-03-11 12:33:42,26.037 A
2025-03-11 12:33:44,25.800 A
2025-03-11 12:33:46,25.399 A
2025-03-11 12:33:48,25.771 A
2025-03-11 12:33:50,25.934 A
2025-03-11 12:33:52,26.122 A
2025-03-11 12:33:54,26.026 A
2025-03-11 12:33:56,25.967 A
2025-03-11 12:33:58,25.978 A
2025-03-11 12:34:00,25.915 A
2025-03-11 12:34:02,26.024 A
2025-03-11 12:34:04,25.739 A
2025-03-11 12:34:06,25.697 A
2025-03-11 12:34:08,25.746 A
2025-03-11 12:34:10,25.522 A
2025-03-11 12:34:12,25.533 A
2025-03-11 12:34:14,25.435 A
2025-03-11 12:34:16,25.273 A
2025-03-11 12:34:18,25.347 A
2025-03-11 12:34:20,25.546 A
2025-03-11 12:34:22,26.005 A
2025-03-11 12:34:24,26.041 A
2025-03-11 12:34:26,26.167 A
2025-03-11 12:34:28,26.031 A
2025-03-11 12:34:30,26.054 A
2025-03-11 12:34:32,26.055 A
2025-03-11 12:34:34,26.022 A
2025-03-11 12:34:36,26.019 A
2025-03-11 12:34:38,25.987 A
2025-03-11 12:34:40,26.010 A
2025-03-11 12:34:42,26.008 A
2025-03-11 12:34:44,25.885 A
2025-03-11 12:34:46,25.959 A
2025-03-11 12:34:48,25.903 A
2025-03-11 12:34:50,25.774 A
2025-03-11 12:34:52,25.896 A
2025-03-11 12:34:54,25.865 A
2025-03-11 12:34:56,25.818 A
2025-03-11 12:34:58,25.869 A
2025-03-11 12:35:00,25.809 A
2025-03-11 12:35:02,25.792 A
2025-03-11 12:35:04,25.776 A
2025-03-11 12:35:06,25.837 A
2025-03-11 12:35:08,25.670 A
2025-03-11 12:35:10,25.658 A
2025-03-11 12:35:12,25.778 A
2025-03-11 12:35:14,25.779 A
2025-03-11 12:35:16,25.748 A
2025-03-11 12:35:18,25.487 A
2025-03-11 12:35:20,25.107 A
2025-03-11 12:35:22,24.863 A
2025-03-11 12:35:24,24.858 A
2025-03-11 12:35:26,24.828 A
2025-03-11 12:35:28,24.828 A
2025-03-11 12:35:30,24.958 A
2025-03-11 12:35:32,24.742 A
2025-03-11 12:35:34,24.565 A
2025-03-11 12:35:36,24.460 A
2025-03-11 12:35:38,24.597 A
2025-03-11 12:35:40,24.770 A
2025-03-11 12:35:42,24.796 A
2025-03-11 12:35:44,24.835 A
2025-03-11 12:35:46,24.829 A
2025-03-11 12:35:48,24.836 A
2025-03-11 12:35:50,24.819 A
2025-03-11 12:35:52,24.774 A
2025-03-11 12:35:54,24.760 A
2025-03-11 12:35:56,24.773 A
2025-03-11 12:35:58,24.860 A
2025-03-11 12:36:00,24.838 A
2025-03-11 12:36:02,24.686 A
2025-03-11 12:36:04,24.690 A
2025-03-11 12:36:06,24.713 A
2025-03-11 12:36:08,24.817 A
2025-03-11 12:36:10,24.757 A
2025-03-11 12:36:12,24.740 A
2025-03-11 12:36:14,24.725 A
2025-03-11 12:36:16,24.822 A
2025-03-11 12:36:18,24.673 A
2025-03-11 12:36:20,24.862 A
2025-03-11 12:36:22,24.870 A
2025-03-11 12:36:24,24.850 A
2025-03-11 12:36:26,24.914 A
2025-03-11 12:36:28,24.810 A
2025-03-11 12:36:30,24.789 A
2025-03-11 12:36:32,24.852 A
2025-03-11 12:36:34,24.901 A
2025-03-11 12:36:36,24.786 A
2025-03-11 12:36:38,24.914 A
2025-03-11 12:36:40,24.765 A
2025-03-11 12:36:42,24.829 A
2025-03-11 12:36:44,24.805 A
2025-03-11 12:36:46,24.825 A
2025-03-11 12:36:48,24.812 A
2025-03-11 12:36:50,24.768 A
2025-03-11 12:36:52,24.598 A
2025-03-11 12:36:54,24.786 A
2025-03-11 12:36:56,24.771 A
2025-03-11 12:36:58,24.743 A
2025-03-11 12:37:00,24.853 A
2025-03-11 12:37:02,24.706 A
2025-03-11 12:37:04,24.807 A
2025-03-11 12:37:06,24.768 A
2025-03-11 12:37:08,24.726 A
2025-03-11 12:37:10,24.774 A
2025-03-11 12:37:12,24.708 A
2025-03-11 12:37:14,24.705 A
2025-03-11 12:37:16,24.711 A
2025-03-11 12:37:18,24.651 A
2025-03-11 12:37:20,24.786 A
2025-03-11 12:37:22,24.732 A
2025-03-11 12:37:24,24.659 A
2025-03-11 12:37:26,24.709 A
2025-03-11 12:37:28,24.714 A
2025-03-11 12:37:30,24.770 A
2025-03-11 12:37:32,24.581 A
2025-03-11 12:37:34,24.386 A
2025-03-11 12:37:36,24.726 A
2025-03-11 12:37:38,24.833 A
2025-03-11 12:37:40,24.796 A
2025-03-11 12:37:42,24.777 A
2025-03-11 12:37:44,24.645 A
2025-03-11 12:37:46,24.432 A
2025-03-11 12:37:48,24.736 A
2025-03-11 12:37:50,24.802 A
2025-03-11 12:37:52,24.780 A
2025-03-11 12:37:54,24.873 A
2025-03-11 12:37:56,24.892 A
2025-03-11 12:37:58,24.884 A
2025-03-11 12:38:00,24.797 A
2025-03-11 12:38:02,24.781 A
2025-03-11 12:38:04,24.743 A
2025-03-11 12:38:06,24.918 A
2025-03-11 12:38:08,24.950 A
2025-03-11 12:38:10,24.821 A
2025-03-11 12:38:12,24.915 A
2025-03-11 12:38:14,24.764 A
2025-03-11 12:38:16,24.972 A
2025-03-11 12:38:18,24.947 A
2025-03-11 12:38:20,24.933 A
2025-03-11 12:38:22,24.940 A
2025-03-11 12:38:24,24.907 A
2025-03-11 12:38:26,24.892 A
2025-03-11 12:38:28,25.027 A
2025-03-11 12:38:30,24.989 A
2025-03-11 12:38:32,24.908 A
2025-03-11 12:38:34,25.052 A
2025-03-11 12:38:36,25.081 A
2025-03-11 12:38:38,25.075 A
2025-03-11 12:38:40,25.126 A
2025-03-11 12:38:42,25.137 A
2025-03-11 12:38:44,25.076 A
2025-03-11 12:38:46,25.085 A
2025-03-11 12:38:48,25.097 A
2025-03-11 12:38:50,25.130 A
2025-03-11 12:38:52,25.075 A
2025-03-11 12:38:54,25.054 A
2025-03-11 12:38:56,25.042 A
2025-03-11 12:38:58,25.046 A
2025-03-11 12:39:00,25.110 A
2025-03-11 12:39:02,25.081 A
2025-03-11 12:39:04,25.132 A
2025-03-11 12:39:06,25.165 A
2025-03-11 12:39:08,25.145 A
2025-03-11 12:39:10,25.130 A
2025-03-11 12:39:12,24.962 A
2025-03-11 12:39:14,24.975 A
2025-03-11 12:39:16,25.104 A
2025-03-11 12:39:18,25.115 A
2025-03-11 12:39:20,25.120 A
2025-03-11 12:39:22,25.165 A
2025-03-11 12:39:24,25.173 A
2025-03-11 12:39:26,25.152 A
2025-03-11 12:39:28,24.945 A
2025-03-11 12:39:30,24.731 A
2025-03-11 12:39:32,24.806 A
2025-03-11 12:39:34,25.112 A
2025-03-11 12:39:36,25.129 A
2025-03-11 12:39:38,25.219 A
2025-03-11 12:39:40,25.210 A
2025-03-11 12:39:42,25.106 A
2025-03-11 12:39:44,25.238 A
2025-03-11 12:39:46,25.193 A
2025-03-11 12:39:48,25.234 A
2025-03-11 12:39:50,25.203 A
2025-03-11 12:39:52,25.325 A
2025-03-11 12:39:54,25.409 A
2025-03-11 12:39:56,25.455 A
2025-03-11 12:39:58,25.483 A
2025-03-11 12:40:00,25.483 A
2025-03-11 12:40:02,25.477 A
2025-03-11 12:40:04,25.474 A
2025-03-11 12:40:06,25.504 A
2025-03-11 12:40:08,25.496 A
2025-03-11 12:40:10,25.498 A
2025-03-11 12:40:12,25.472 A
2025-03-11 12:40:14,25.446 A
2025-03-11 12:40:16,25.511 A
2025-03-11 12:40:18,25.531 A
2025-03-11 12:40:20,25.485 A
2025-03-11 12:40:22,25.514 A
2025-03-11 12:40:24,25.574 A
2025-03-11 12:40:26,25.600 A
2025-03-11 12:40:28,25.621 A
2025-03-11 12:40:30,25.626 A
2025-03-11 12:40:32,25.674 A
2025-03-11 12:40:34,25.658 A
2025-03-11 12:40:36,25.606 A
2025-03-11 12:40:38,25.617 A
2025-03-11 12:40:40,25.621 A
2025-03-11 12:40:42,25.616 A
2025-03-11 12:40:44,25.630 A
2025-03-11 12:40:46,25.685 A
2025-03-11 12:40:48,25.641 A
2025-03-11 12:40:50,25.635 A
2025-03-11 12:40:52,25.697 A
2025-03-11 12:40:54,25.690 A
2025-03-11 12:40:56,25.812 A
2025-03-11 12:40:58,25.796 A
2025-03-11 12:41:00,25.838 A
2025-03-11 12:41:02,25.798 A
2025-03-11 12:41:04,25.857 A
2025-03-11 12:41:06,25.871 A
2025-03-11 12:41:08,25.893 A
2025-03-11 12:41:10,25.939 A
2025-03-11 12:41:12,25.997 A
2025-03-11 12:41:14,25.988 A
2025-03-11 12:41:16,26.020 A
2025-03-11 12:41:18,26.027 A
2025-03-11 12:41:20,26.067 A
2025-03-11 12:41:22,26.097 A
2025-03-11 12:41:24,26.194 A
2025-03-11 12:41:26,26.210 A
2025-03-11 12:41:28,26.199 A
2025-03-11 12:41:30,26.280 A
2025-03-11 12:41:32,26.260 A
2025-03-11 12:41:34,26.331 A
2025-03-11 12:41:36,26.281 A
2025-03-11 12:41:38,26.270 A
2025-03-11 12:41:40,26.334 A
2025-03-11 12:41:42,26.323 A
2025-03-11 12:41:44,26.330 A
2025-03-11 12:41:46,26.032 A
2025-03-11 12:41:48,25.664 A
2025-03-11 12:41:50,25.597 A
2025-03-11 12:41:52,25.657 A
2025-03-11 12:41:54,25.390 A
2025-03-11 12:41:56,25.520 A
2025-03-11 12:41:58,25.501 A
2025-03-11 12:42:00,25.518 A
2025-03-11 12:42:02,25.614 A
2025-03-11 12:42:04,25.428 A
2025-03-11 12:42:06,25.748 A
2025-03-11 12:42:08,25.640 A
2025-03-11 12:42:10,25.610 A
2025-03-11 12:42:12,25.583 A
2025-03-11 12:42:14,25.433 A
2025-03-11 12:42:16,25.566 A
2025-03-11 12:42:18,25.499 A
2025-03-11 12:42:20,25.494 A
2025-03-11 12:42:22,25.323 A
2025-03-11 12:42:24,25.474 A
2025-03-11 12:42:26,25.527 A
2025-03-11 12:42:28,25.444 A
2025-03-11 12:42:30,25.446 A
2025-03-11 12:42:32,25.238 A
2025-03-11 12:42:34,25.129 A
2025-03-11 12:42:36,25.285 A
2025-03-11 12:42:38,25.295 A
2025-03-11 12:42:40,25.313 A
2025-03-11 12:42:42,25.318 A
2025-03-11 12:42:44,25.324 A
2025-03-11 12:42:46,25.328 A
2025-03-11 12:42:48,25.384 A
2025-03-11 12:42:50,25.457 A
2025-03-11 12:42:52,25.383 A
2025-03-11 12:42:54,25.382 A
2025-03-11 12:42:56,25.447 A
2025-03-11 12:42:58,25.424 A
2025-03-11 12:43:00,25.461 A
2025-03-11 12:43:02,2.251 A
2025-03-11 12:43:04,184.396 mA
2025-03-11 12:43:06,702.065 mA
2025-03-11 12:43:08,1.528 A
2025-03-11 12:43:10,4.085 A
2025-03-11 12:43:12,18.776 A
2025-03-11 12:43:14,24.665 A
2025-03-11 12:43:16,26.493 A
2025-03-11 12:43:18,27.098 A
2025-03-11 12:43:20,27.223 A
2025-03-11 12:43:22,27.002 A
2025-03-11 12:43:24,26.548 A
2025-03-11 12:43:26,25.761 A
2025-03-11 12:43:28,24.826 A
2025-03-11 12:43:30,23.814 A
2025-03-11 12:43:32,22.802 A
2025-03-11 12:43:34,21.776 A
2025-03-11 12:43:36,20.711 A
2025-03-11 12:43:38,19.663 A
2025-03-11 12:43:40,18.605 A
2025-03-11 12:43:42,17.611 A
2025-03-11 12:43:44,17.362 A
2025-03-11 12:43:46,24.807 A
2025-03-11 12:43:48,27.387 A
2025-03-11 12:43:50,27.507 A
2025-03-11 12:43:52,27.495 A
2025-03-11 12:43:54,27.528 A
2025-03-11 12:43:56,27.606 A
2025-03-11 12:43:58,27.442 A
2025-03-11 12:44:00,27.438 A
2025-03-11 12:44:02,27.583 A
2025-03-11 12:44:04,27.528 A
2025-03-11 12:44:06,27.490 A
2025-03-11 12:44:08,27.481 A
2025-03-11 12:44:10,27.391 A
2025-03-11 12:44:12,27.406 A
2025-03-11 12:44:14,27.336 A
2025-03-11 12:44:16,27.300 A
2025-03-11 12:44:18,27.271 A
2025-03-11 12:44:20,27.287 A
2025-03-11 12:44:22,27.344 A
2025-03-11 12:44:24,27.375 A
2025-03-11 12:44:26,27.492 A
2025-03-11 12:44:28,27.477 A
2025-03-11 12:44:30,27.445 A
2025-03-11 12:44:32,27.270 A
2025-03-11 12:44:34,27.212 A
2025-03-11 12:44:36,27.139 A
2025-03-11 12:44:38,27.214 A
2025-03-11 12:44:40,27.168 A
2025-03-11 12:44:42,27.030 A
2025-03-11 12:44:44,26.902 A
2025-03-11 12:44:46,26.774 A
2025-03-11 12:44:48,26.835 A
2025-03-11 12:44:50,26.687 A
2025-03-11 12:44:52,26.649 A
2025-03-11 12:44:54,26.595 A
2025-03-11 12:44:56,26.880 A
2025-03-11 12:44:58,26.861 A
2025-03-11 12:45:00,27.009 A
2025-03-11 12:45:02,27.024 A
2025-03-11 12:45:04,27.145 A
2025-03-11 12:45:06,26.968 A
2025-03-11 12:45:08,26.908 A
2025-03-11 12:45:10,26.918 A
2025-03-11 12:45:12,27.010 A
2025-03-11 12:45:14,26.885 A
2025-03-11 12:45:16,26.703 A
2025-03-11 12:45:18,26.612 A