"Time","biggy"
2025-03-11 12:02:20,28.6118
2025-03-11 12:02:22,28.6533
2025-03-11 12:02:24,28.7005
2025-03-11 12:02:26,28.6076
2025-03-11 12:02:28,28.6430
2025-03-11 12:02:30,28.7369
2025-03-11 12:02:32,28.6807
2025-03-11 12:02:34,28.6203
2025-03-11 12:02:36,28.6184
2025-03-11 12:02:38,28.6633
2025-03-11 12:02:40,28.6743
2025-03-11 12:02:42,28.5937
2025-03-11 12:02:44,28.5801
2025-03-11 12:02:46,28.6023
2025-03-11 12:02:48,28.4418
2025-03-11 12:02:50,28.3247
2025-03-11 12:02:52,28.3998
2025-03-11 12:02:54,28.1422
2025-03-11 12:02:56,27.8731
2025-03-11 12:02:58,27.5401
2025-03-11 12:03:00,27.4028
2025-03-11 12:03:02,27.3381
2025-03-11 12:03:04,27.3212
2025-03-11 12:03:06,27.3443
2025-03-11 12:03:08,27.3799
2025-03-11 12:03:10,27.4163
2025-03-11 12:03:12,27.3906
2025-03-11 12:03:14,27.3136
2025-03-11 12:03:16,27.2618
2025-03-11 12:03:18,27.2340
2025-03-11 12:03:20,27.2318
2025-03-11 12:03:22,27.2298
2025-03-11 12:03:24,27.2155
2025-03-11 12:03:26,27.2085
2025-03-11 12:03:28,27.2042
2025-03-11 12:03:30,27.2094
2025-03-11 12:03:32,27.2026
2025-03-11 12:03:34,27.2010
2025-03-11 12:03:36,27.2137
2025-03-11 12:03:38,27.2097
2025-03-11 12:03:40,27.2130
2025-03-11 12:03:42,27.2345
2025-03-11 12:03:44,27.2607
2025-03-11 12:03:46,27.2540
2025-03-11 12:03:48,27.2636
2025-03-11 12:03:50,27.2516
2025-03-11 12:03:52,27.2159
2025-03-11 12:03:54,27.2014
2025-03-11 12:03:56,27.2012
2025-03-11 12:03:58,27.2285
2025-03-11 12:04:00,27.2822
2025-03-11 12:04:02,27.4856
2025-03-11 12:04:04,27.4602
2025-03-11 12:04:06,27.4811
2025-03-11 12:04:08,27.6740
2025-03-11 12:04:10,28.0667
2025-03-11 12:04:12,27.9274
2025-03-11 12:04:14,27.7078
2025-03-11 12:04:16,27.8119
2025-03-11 12:04:18,28.2584
2025-03-11 12:04:20,28.3030
2025-03-11 12:04:22,28.3649
2025-03-11 12:04:24,28.4367
2025-03-11 12:04:26,28.4523
2025-03-11 12:04:28,28.3610
2025-03-11 12:04:30,28.2955
2025-03-11 12:04:32,28.3852
2025-03-11 12:04:34,28.4790
2025-03-11 12:04:36,28.4522
2025-03-11 12:04:38,28.3276
2025-03-11 12:04:40,28.3895
2025-03-11 12:04:42,28.3185
2025-03-11 12:04:44,28.4964
2025-03-11 12:04:46,28.5857
2025-03-11 12:04:48,28.5265
2025-03-11 12:04:50,28.3426
2025-03-11 12:04:52,28.2284
2025-03-11 12:04:54,28.0249
2025-03-11 12:04:56,28.1065
2025-03-11 12:04:58,28.2771
2025-03-11 12:05:00,28.0553
2025-03-11 12:05:02,27.8407
2025-03-11 12:05:04,27.8885
2025-03-11 12:05:06,28.4102
2025-03-11 12:05:08,28.5584
2025-03-11 12:05:10,28.4837
2025-03-11 12:05:12,28.5193
2025-03-11 12:05:14,28.6213
2025-03-11 12:05:16,28.5808
2025-03-11 12:05:18,27.5650
2025-03-11 12:05:20,27.4706
2025-03-11 12:05:22,27.6286
2025-03-11 12:05:24,27.7432
2025-03-11 12:05:26,27.5283
2025-03-11 12:05:28,27.4943
2025-03-11 12:05:30,27.6350
2025-03-11 12:05:32,27.8107
2025-03-11 12:05:34,28.1470
2025-03-11 12:05:36,27.5861
2025-03-11 12:05:38,27.5519
2025-03-11 12:05:40,27.5958
2025-03-11 12:05:42,27.5127
2025-03-11 12:05:44,27.5757
2025-03-11 12:05:46,27.4168
2025-03-11 12:05:48,27.3874
2025-03-11 12:05:50,27.3945
2025-03-11 12:05:52,27.6980
2025-03-11 12:05:54,28.0464
2025-03-11 12:05:56,27.7653
2025-03-11 12:05:58,27.8288
2025-03-11 12:06:00,28.1669
2025-03-11 12:06:02,28.6493
2025-03-11 12:06:04,28.8643
2025-03-11 12:06:06,28.8653
2025-03-11 12:06:08,28.8301
2025-03-11 12:06:10,28.3968
2025-03-11 12:06:12,28.3070
2025-03-11 12:06:14,28.1063
2025-03-11 12:06:16,27.9102
2025-03-11 12:06:18,27.6960
2025-03-11 12:06:20,27.5418
2025-03-11 12:06:22,27.5106
2025-03-11 12:06:24,27.5357
2025-03-11 12:06:26,27.5081
2025-03-11 12:06:28,27.4922
2025-03-11 12:06:30,27.4969
2025-03-11 12:06:32,27.5417
2025-03-11 12:06:34,27.5463
2025-03-11 12:06:36,27.5363
2025-03-11 12:06:38,27.4478
2025-03-11 12:06:40,27.4807
2025-03-11 12:06:42,27.4973
2025-03-11 12:06:44,27.4821
2025-03-11 12:06:46,27.6869
2025-03-11 12:06:48,28.0676
2025-03-11 12:06:50,28.4379
2025-03-11 12:06:52,28.6372
2025-03-11 12:06:54,28.4467
2025-03-11 12:06:56,28.5173
2025-03-11 12:06:58,28.5333
2025-03-11 12:07:00,28.4185
2025-03-11 12:07:02,28.4834
2025-03-11 12:07:04,28.3428
2025-03-11 12:07:06,28.4607
2025-03-11 12:07:08,28.6555
2025-03-11 12:07:10,28.3515
2025-03-11 12:07:12,28.0933
2025-03-11 12:07:14,28.1466
2025-03-11 12:07:16,28.0466
2025-03-11 12:07:18,27.7902
2025-03-11 12:07:20,27.8925
2025-03-11 12:07:22,27.8647
2025-03-11 12:07:24,27.9710
2025-03-11 12:07:26,27.7581
2025-03-11 12:07:28,27.6931
2025-03-11 12:07:30,27.6822
2025-03-11 12:07:32,27.6001
2025-03-11 12:07:34,27.6760
2025-03-11 12:07:36,27.6822
2025-03-11 12:07:38,27.7515
2025-03-11 12:07:40,27.7828
2025-03-11 12:07:42,27.7548
2025-03-11 12:07:44,27.7895
2025-03-11 12:07:46,27.9670
2025-03-11 12:07:48,28.2776
2025-03-11 12:07:50,28.3234
2025-03-11 12:07:52,28.3531
2025-03-11 12:07:54,28.6026
2025-03-11 12:07:56,28.3810
2025-03-11 12:07:58,28.2536
2025-03-11 12:08:00,28.3551
2025-03-11 12:08:02,28.5340
2025-03-11 12:08:04,28.5541
2025-03-11 12:08:06,28.5253
2025-03-11 12:08:08,28.4986
2025-03-11 12:08:10,28.5147
2025-03-11 12:08:12,28.5090
2025-03-11 12:08:14,28.5524
2025-03-11 12:08:16,28.5459
2025-03-11 12:08:18,28.3683
2025-03-11 12:08:20,28.4133
2025-03-11 12:08:22,28.1216
2025-03-11 12:08:24,28.1358
2025-03-11 12:08:26,28.2601
2025-03-11 12:08:28,28.0258
2025-03-11 12:08:30,27.9167
2025-03-11 12:08:32,27.9613
2025-03-11 12:08:34,28.0397
2025-03-11 12:08:36,28.1051
2025-03-11 12:08:38,28.2344
2025-03-11 12:08:40,28.2444
2025-03-11 12:08:42,28.1976
2025-03-11 12:08:44,28.3877
2025-03-11 12:08:46,28.6860
2025-03-11 12:08:48,28.5845
2025-03-11 12:08:50,28.4885
2025-03-11 12:08:52,28.3392
2025-03-11 12:08:54,28.0869
2025-03-11 12:08:56,28.2475
2025-03-11 12:08:58,27.7655
2025-03-11 12:09:00,27.4130
2025-03-11 12:09:02,27.3578
2025-03-11 12:09:04,27.3657
2025-03-11 12:09:06,27.3669
2025-03-11 12:09:08,27.3699
2025-03-11 12:09:10,27.3720
2025-03-11 12:09:12,27.3645
2025-03-11 12:09:14,27.3626
2025-03-11 12:09:16,27.3497
2025-03-11 12:09:18,27.3526
2025-03-11 12:09:20,27.3466
2025-03-11 12:09:22,27.3452
2025-03-11 12:09:24,27.3369
2025-03-11 12:09:26,27.3647
2025-03-11 12:09:28,27.3702
2025-03-11 12:09:30,27.4722
2025-03-11 12:09:32,27.5950
2025-03-11 12:09:34,28.3031
2025-03-11 12:09:36,28.5735
2025-03-11 12:09:38,28.7065
2025-03-11 12:09:40,28.7584
2025-03-11 12:09:42,28.7649
2025-03-11 12:09:44,28.8001
2025-03-11 12:09:46,28.7023
2025-03-11 12:09:48,28.6326
2025-03-11 12:09:50,28.6551
2025-03-11 12:09:52,28.8528
2025-03-11 12:09:54,28.7201
2025-03-11 12:09:56,28.6556
2025-03-11 12:09:58,28.6123
2025-03-11 12:10:00,28.5938
2025-03-11 12:10:02,28.5756
2025-03-11 12:10:04,28.5471
2025-03-11 12:10:06,28.7509
2025-03-11 12:10:08,28.7664
2025-03-11 12:10:10,28.4706
2025-03-11 12:10:12,27.7834
2025-03-11 12:10:14,27.6020
2025-03-11 12:10:16,27.5147
2025-03-11 12:10:18,27.4482
2025-03-11 12:10:20,27.4262
2025-03-11 12:10:22,27.4303
2025-03-11 12:10:24,27.4288
2025-03-11 12:10:26,27.4267
2025-03-11 12:10:28,27.4272
2025-03-11 12:10:30,27.4180
2025-03-11 12:10:32,27.4218
2025-03-11 12:10:34,27.4255
2025-03-11 12:10:36,27.4376
2025-03-11 12:10:38,27.4772
2025-03-11 12:10:40,27.7747
2025-03-11 12:10:42,27.8690
2025-03-11 12:10:44,27.6742
2025-03-11 12:10:46,27.5789
2025-03-11 12:10:48,27.3509
2025-03-11 12:10:50,27.1323
2025-03-11 12:10:52,27.3970
2025-03-11 12:10:54,27.7625
2025-03-11 12:10:56,28.1806
2025-03-11 12:10:58,28.3989
2025-03-11 12:11:00,28.4938
2025-03-11 12:11:02,28.4229
2025-03-11 12:11:04,28.3432
2025-03-11 12:11:06,28.3870
2025-03-11 12:11:08,28.4476
2025-03-11 12:11:10,28.5325
2025-03-11 12:11:12,28.3536
2025-03-11 12:11:14,28.4103
2025-03-11 12:11:16,28.3361
2025-03-11 12:11:18,28.2557
2025-03-11 12:11:20,27.7808
2025-03-11 12:11:22,27.7119
2025-03-11 12:11:24,27.6001
2025-03-11 12:11:26,27.5892
2025-03-11 12:11:28,27.7023
2025-03-11 12:11:30,27.8527
2025-03-11 12:11:32,27.9569
2025-03-11 12:11:34,27.8841
2025-03-11 12:11:36,27.4916
2025-03-11 12:11:38,27.3708
2025-03-11 12:11:40,27.3191
2025-03-11 12:11:42,27.2984
2025-03-11 12:11:44,27.2889
2025-03-11 12:11:46,27.2835
2025-03-11 12:11:48,27.2649
2025-03-11 12:11:50,27.2531
2025-03-11 12:11:52,27.2433
2025-03-11 12:11:54,27.2283
2025-03-11 12:11:56,27.2249
2025-03-11 12:11:58,27.2120
2025-03-11 12:12:00,27.2098
2025-03-11 12:12:02,27.2061
2025-03-11 12:12:04,27.1938
2025-03-11 12:12:06,27.1957
2025-03-11 12:12:08,27.1867
2025-03-11 12:12:10,27.1903
2025-03-11 12:12:12,27.1819
2025-03-11 12:12:14,27.1781
2025-03-11 12:12:16,27.1846
2025-03-11 12:12:18,27.1805
2025-03-11 12:12:20,27.1739
2025-03-11 12:12:22,27.1863
2025-03-11 12:12:24,27.1826
2025-03-11 12:12:26,27.1772
2025-03-11 12:12:28,27.1869
2025-03-11 12:12:30,27.1976
2025-03-11 12:12:32,27.2051
2025-03-11 12:12:34,27.2182
2025-03-11 12:12:36,27.2700
2025-03-11 12:12:38,27.2876
2025-03-11 12:12:40,27.2826
2025-03-11 12:12:42,27.8761
2025-03-11 12:12:44,28.3921
2025-03-11 12:12:46,28.3982
2025-03-11 12:12:48,28.4253
2025-03-11 12:12:50,28.4658
2025-03-11 12:12:52,28.5305
2025-03-11 12:12:54,
2025-03-11 12:12:56,
2025-03-11 12:12:58,
2025-03-11 12:13:00,26.9036
2025-03-11 12:13:02,26.8778
2025-03-11 12:13:04,26.8963
2025-03-11 12:13:06,26.9289
2025-03-11 12:13:08,26.9697
2025-03-11 12:13:10,27.4923
2025-03-11 12:13:12,28.1168
2025-03-11 12:13:14,28.3507
2025-03-11 12:13:16,28.4284
2025-03-11 12:13:18,28.5857
2025-03-11 12:13:20,28.6158
2025-03-11 12:13:22,28.8200
2025-03-11 12:13:24,28.7591
2025-03-11 12:13:26,28.8949
2025-03-11 12:13:28,28.8531
2025-03-11 12:13:30,28.8819
2025-03-11 12:13:32,28.8901
2025-03-11 12:13:34,28.8840
2025-03-11 12:13:36,28.9043
2025-03-11 12:13:38,28.7372
2025-03-11 12:13:40,28.5269
2025-03-11 12:13:42,28.7997
2025-03-11 12:13:44,28.9022
2025-03-11 12:13:46,28.8487
2025-03-11 12:13:48,28.6981
2025-03-11 12:13:50,28.6410
2025-03-11 12:13:52,28.2425
2025-03-11 12:13:54,28.0407
2025-03-11 12:13:56,27.8672
2025-03-11 12:13:58,27.7745
2025-03-11 12:14:00,27.7078
2025-03-11 12:14:02,27.7301
2025-03-11 12:14:04,27.7457
2025-03-11 12:14:06,27.7857
2025-03-11 12:14:08,27.7376
2025-03-11 12:14:10,27.7441
2025-03-11 12:14:12,27.8431
2025-03-11 12:14:14,27.8933
2025-03-11 12:14:16,27.9269
2025-03-11 12:14:18,27.8515
2025-03-11 12:14:20,27.7898
2025-03-11 12:14:22,27.7541
2025-03-11 12:14:24,27.7767
2025-03-11 12:14:26,27.8214
2025-03-11 12:14:28,27.8667
2025-03-11 12:14:30,27.8166
2025-03-11 12:14:32,27.7782
2025-03-11 12:14:34,27.7935
2025-03-11 12:14:36,27.8538
2025-03-11 12:14:38,27.8816
2025-03-11 12:14:40,27.8449
2025-03-11 12:14:42,27.8403
2025-03-11 12:14:44,27.8963
2025-03-11 12:14:46,27.9192
2025-03-11 12:14:48,28.0211
2025-03-11 12:14:50,27.9469
2025-03-11 12:14:52,27.8881
2025-03-11 12:14:54,27.8985
2025-03-11 12:14:56,27.8423
2025-03-11 12:14:58,27.8267
2025-03-11 12:15:00,27.8490
2025-03-11 12:15:02,27.7727
2025-03-11 12:15:04,27.7945
2025-03-11 12:15:06,27.8208
2025-03-11 12:15:08,27.7912
2025-03-11 12:15:10,27.8137
2025-03-11 12:15:12,27.8564
2025-03-11 12:15:14,27.7963
2025-03-11 12:15:16,27.6275
2025-03-11 12:15:18,27.5523
2025-03-11 12:15:20,27.5268
2025-03-11 12:15:22,27.5492
2025-03-11 12:15:24,27.5626
2025-03-11 12:15:26,27.5609
2025-03-11 12:15:28,27.5492
2025-03-11 12:15:30,27.5411
2025-03-11 12:15:32,27.5445
2025-03-11 12:15:34,27.5303
2025-03-11 12:15:36,27.5337
2025-03-11 12:15:38,27.5275
2025-03-11 12:15:40,27.5236
2025-03-11 12:15:42,27.5233
2025-03-11 12:15:44,27.5181
2025-03-11 12:15:46,27.5202
2025-03-11 12:15:48,27.5036
2025-03-11 12:15:50,27.5066
2025-03-11 12:15:52,27.5046
2025-03-11 12:15:54,27.5022
2025-03-11 12:15:56,27.5163
2025-03-11 12:15:58,27.5179
2025-03-11 12:16:00,27.5145
2025-03-11 12:16:02,27.5113
2025-03-11 12:16:04,27.5003
2025-03-11 12:16:06,27.5015
2025-03-11 12:16:08,27.4978
2025-03-11 12:16:10,27.4815
2025-03-11 12:16:12,27.4824
2025-03-11 12:16:14,27.4902
2025-03-11 12:16:16,27.4821
2025-03-11 12:16:18,27.4739
2025-03-11 12:16:20,27.4667
2025-03-11 12:16:22,27.4606
2025-03-11 12:16:24,27.4355
2025-03-11 12:16:26,27.4225
2025-03-11 12:16:28,27.4099
2025-03-11 12:16:30,27.3973
2025-03-11 12:16:32,27.3921
2025-03-11 12:16:34,27.3844
2025-03-11 12:16:36,27.3807
2025-03-11 12:16:38,27.3731
2025-03-11 12:16:40,27.3640
2025-03-11 12:16:42,27.3576
2025-03-11 12:16:44,27.3500
2025-03-11 12:16:46,27.3400
2025-03-11 12:16:48,27.3285
2025-03-11 12:16:50,27.3208
2025-03-11 12:16:52,27.3170
2025-03-11 12:16:54,27.3108
2025-03-11 12:16:56,27.2984
2025-03-11 12:16:58,27.2975
2025-03-11 12:17:00,27.2872
2025-03-11 12:17:02,27.2774
2025-03-11 12:17:04,27.2764
2025-03-11 12:17:06,27.2678
2025-03-11 12:17:08,27.2615
2025-03-11 12:17:10,27.2565
2025-03-11 12:17:12,27.2443
2025-03-11 12:17:14,27.2432
2025-03-11 12:17:16,27.2363
2025-03-11 12:17:18,27.2249
2025-03-11 12:17:20,27.2272
2025-03-11 12:17:22,27.2148
2025-03-11 12:17:24,27.2151
2025-03-11 12:17:26,27.2072
2025-03-11 12:17:28,27.2052
2025-03-11 12:17:30,27.1893
2025-03-11 12:17:32,27.1965
2025-03-11 12:17:34,27.1819
2025-03-11 12:17:36,27.1885
2025-03-11 12:17:38,27.1740
2025-03-11 12:17:40,27.1776
2025-03-11 12:17:42,27.1700
2025-03-11 12:17:44,27.1684
2025-03-11 12:17:46,27.1619
2025-03-11 12:17:48,27.1645
2025-03-11 12:17:50,27.1569
2025-03-11 12:17:52,27.1622
2025-03-11 12:17:54,27.1436
2025-03-11 12:17:56,27.1544
2025-03-11 12:17:58,27.1451
2025-03-11 12:18:00,27.1385
2025-03-11 12:18:02,27.1446
2025-03-11 12:18:04,27.1398
2025-03-11 12:18:06,27.1390
2025-03-11 12:18:08,27.1397
2025-03-11 12:18:10,27.1344
2025-03-11 12:18:12,27.1307
2025-03-11 12:18:14,27.1353
2025-03-11 12:18:16,27.1276
2025-03-11 12:18:18,27.1310
2025-03-11 12:18:20,27.1240
2025-03-11 12:18:22,27.1226
2025-03-11 12:18:24,27.1220
2025-03-11 12:18:26,27.1202
2025-03-11 12:18:28,27.1197
2025-03-11 12:18:30,27.1172
2025-03-11 12:18:32,27.1109
2025-03-11 12:18:34,27.1084
2025-03-11 12:18:36,27.1010
2025-03-11 12:18:38,27.0989
2025-03-11 12:18:40,27.1020
2025-03-11 12:18:42,27.0969
2025-03-11 12:18:44,27.0920
2025-03-11 12:18:46,27.0974
2025-03-11 12:18:48,27.0843
2025-03-11 12:18:50,27.0937
2025-03-11 12:18:52,27.0776
2025-03-11 12:18:54,27.0911
2025-03-11 12:18:56,27.0762
2025-03-11 12:18:58,27.0865
2025-03-11 12:19:00,27.0764
2025-03-11 12:19:02,27.0821
2025-03-11 12:19:04,27.0761
2025-03-11 12:19:06,27.0744
2025-03-11 12:19:08,27.0816
2025-03-11 12:19:10,27.0765
2025-03-11 12:19:12,27.0754
2025-03-11 12:19:14,27.0768
2025-03-11 12:19:16,27.0752
2025-03-11 12:19:18,27.0679
2025-03-11 12:19:20,27.0666
2025-03-11 12:19:22,27.0681
2025-03-11 12:19:24,27.0680
2025-03-11 12:19:26,27.0689
2025-03-11 12:19:28,27.0615
2025-03-11 12:19:30,27.0586
2025-03-11 12:19:32,27.0629
2025-03-11 12:19:34,27.0611
2025-03-11 12:19:36,27.0585
2025-03-11 12:19:38,27.0588
2025-03-11 12:19:40,27.0531
2025-03-11 12:19:42,27.0475
2025-03-11 12:19:44,27.0636
2025-03-11 12:19:46,27.0460
2025-03-11 12:19:48,27.0425
2025-03-11 12:19:50,27.0667
2025-03-11 12:19:52,27.0448
2025-03-11 12:19:54,27.0482
2025-03-11 12:19:56,27.0501
2025-03-11 12:19:58,27.0557
2025-03-11 12:20:00,27.0456
2025-03-11 12:20:02,27.0401
2025-03-11 12:20:04,27.0627
2025-03-11 12:20:06,27.0434
2025-03-11 12:20:08,27.0477
2025-03-11 12:20:10,27.0480
2025-03-11 12:20:12,27.0587
2025-03-11 12:20:14,27.0411
2025-03-11 12:20:16,27.0434
2025-03-11 12:20:18,27.0532
2025-03-11 12:20:20,27.0554
2025-03-11 12:20:22,27.0435
2025-03-11 12:20:24,27.0409
2025-03-11 12:20:26,27.0537
2025-03-11 12:20:28,27.0540
2025-03-11 12:20:30,27.0494
2025-03-11 12:20:32,27.0458
2025-03-11 12:20:34,27.0628
2025-03-11 12:20:36,27.0506
2025-03-11 12:20:38,27.0526
2025-03-11 12:20:40,27.0518
2025-03-11 12:20:42,27.0667
2025-03-11 12:20:44,27.0502
2025-03-11 12:20:46,27.0548
2025-03-11 12:20:48,27.0605
2025-03-11 12:20:50,27.0689
2025-03-11 12:20:52,27.0528
2025-03-11 12:20:54,27.0561
2025-03-11 12:20:56,27.0548
2025-03-11 12:20:58,27.0633
2025-03-11 12:21:00,27.0626
2025-03-11 12:21:02,27.0606
2025-03-11 12:21:04,27.0636
2025-03-11 12:21:06,27.0666
2025-03-11 12:21:08,27.0663
2025-03-11 12:21:10,27.0691
2025-03-11 12:21:12,27.0687
2025-03-11 12:21:14,27.0735
2025-03-11 12:21:16,27.0746
2025-03-11 12:21:18,27.0709
2025-03-11 12:21:20,27.0806
2025-03-11 12:21:22,27.0810
2025-03-11 12:21:24,27.0797
2025-03-11 12:21:26,27.0835
2025-03-11 12:21:28,27.0894
2025-03-11 12:21:30,27.0860
2025-03-11 12:21:32,27.0878
2025-03-11 12:21:34,27.0922
2025-03-11 12:21:36,27.0950
2025-03-11 12:21:38,27.0973
2025-03-11 12:21:40,27.1008
2025-03-11 12:21:42,27.1035
2025-03-11 12:21:44,27.1056
2025-03-11 12:21:46,27.1029
2025-03-11 12:21:48,27.1155
2025-03-11 12:21:50,27.1197
2025-03-11 12:21:52,27.1133
2025-03-11 12:21:54,27.1213
2025-03-11 12:21:56,27.1283
2025-03-11 12:21:58,27.1307
2025-03-11 12:22:00,27.1334
2025-03-11 12:22:02,27.1415
2025-03-11 12:22:04,27.1376
2025-03-11 12:22:06,27.1492
2025-03-11 12:22:08,27.1557
2025-03-11 12:22:10,27.1556
2025-03-11 12:22:12,27.1667
2025-03-11 12:22:14,27.1682
2025-03-11 12:22:16,27.1791
2025-03-11 12:22:18,27.1809
2025-03-11 12:22:20,27.1837
2025-03-11 12:22:22,27.2011
2025-03-11 12:22:24,27.2090
2025-03-11 12:22:26,27.2136
2025-03-11 12:22:28,27.2291
2025-03-11 12:22:30,27.2428
2025-03-11 12:22:32,27.2582
2025-03-11 12:22:34,27.2697
2025-03-11 12:22:36,27.2900
2025-03-11 12:22:38,27.3204
2025-03-11 12:22:40,27.3390
2025-03-11 12:22:42,27.3652
2025-03-11 12:22:44,27.4196
2025-03-11 12:22:46,27.5965
2025-03-11 12:22:48,27.9396
2025-03-11 12:22:50,28.4680
2025-03-11 12:22:52,28.5084
2025-03-11 12:22:54,28.5174
2025-03-11 12:22:56,28.6522
2025-03-11 12:22:58,28.5735
2025-03-11 12:23:00,28.6006
2025-03-11 12:23:02,28.6394
2025-03-11 12:23:04,28.3481
2025-03-11 12:23:06,28.0416
2025-03-11 12:23:08,28.1491
2025-03-11 12:23:10,27.7703
2025-03-11 12:23:12,27.6213
2025-03-11 12:23:14,27.6812
2025-03-11 12:23:16,27.5968
2025-03-11 12:23:18,27.5038
2025-03-11 12:23:20,27.5129
2025-03-11 12:23:22,27.5718
2025-03-11 12:23:24,27.6580
2025-03-11 12:23:26,27.8652
2025-03-11 12:23:28,27.9762
2025-03-11 12:23:30,28.0082
2025-03-11 12:23:32,27.9855
2025-03-11 12:23:34,27.9078
2025-03-11 12:23:36,27.9057
2025-03-11 12:23:38,27.7682
2025-03-11 12:23:40,27.6172
2025-03-11 12:23:42,27.5028
2025-03-11 12:23:44,27.4651
2025-03-11 12:23:46,27.4292
2025-03-11 12:23:48,27.4289
2025-03-11 12:23:50,27.4124
2025-03-11 12:23:52,27.4055
2025-03-11 12:23:54,27.3816
2025-03-11 12:23:56,27.3945
2025-03-11 12:23:58,27.3820
2025-03-11 12:24:00,27.3824
2025-03-11 12:24:02,27.3810
2025-03-11 12:24:04,27.3784
2025-03-11 12:24:06,27.3780
2025-03-11 12:24:08,27.3774
2025-03-11 12:24:10,27.3754
2025-03-11 12:24:12,27.3785
2025-03-11 12:24:14,27.3935
2025-03-11 12:24:16,27.4061
2025-03-11 12:24:18,27.4071
2025-03-11 12:24:20,27.4060
2025-03-11 12:24:22,27.4065
2025-03-11 12:24:24,27.4094
2025-03-11 12:24:26,27.4084
2025-03-11 12:24:28,27.4166
2025-03-11 12:24:30,27.4129
2025-03-11 12:24:32,27.4141
2025-03-11 12:24:34,27.4139
2025-03-11 12:24:36,27.4217
2025-03-11 12:24:38,27.4339
2025-03-11 12:24:40,27.4421
2025-03-11 12:24:42,27.4710
2025-03-11 12:24:44,27.4724
2025-03-11 12:24:46,27.4820
2025-03-11 12:24:48,27.4780
2025-03-11 12:24:50,27.4531
2025-03-11 12:24:52,27.4706
2025-03-11 12:24:54,27.4695
2025-03-11 12:24:56,27.4638
2025-03-11 12:24:58,27.4662
2025-03-11 12:25:00,27.4698
2025-03-11 12:25:02,27.4896
2025-03-11 12:25:04,27.5001
2025-03-11 12:25:06,27.6344
2025-03-11 12:25:08,27.7828
2025-03-11 12:25:10,27.8296
2025-03-11 12:25:12,27.6706
2025-03-11 12:25:14,27.5039
2025-03-11 12:25:16,27.4028
2025-03-11 12:25:18,27.4111
2025-03-11 12:25:20,27.4484
2025-03-11 12:25:22,27.4637
2025-03-11 12:25:24,27.4694
2025-03-11 12:25:26,27.4733
2025-03-11 12:25:28,27.4565
2025-03-11 12:25:30,27.4337
2025-03-11 12:25:32,27.4497
2025-03-11 12:25:34,27.4279
2025-03-11 12:25:36,27.4175
2025-03-11 12:25:38,27.4352
2025-03-11 12:25:40,27.4413
2025-03-11 12:25:42,27.4269
2025-03-11 12:25:44,27.4013
2025-03-11 12:25:46,27.4083
2025-03-11 12:25:48,27.4183
2025-03-11 12:25:50,27.4046
2025-03-11 12:25:52,27.4082
2025-03-11 12:25:54,27.4210
2025-03-11 12:25:56,27.4380
2025-03-11 12:25:58,27.4556
2025-03-11 12:26:00,27.4688
2025-03-11 12:26:02,27.4726
2025-03-11 12:26:04,27.4657
2025-03-11 12:26:06,27.4431
2025-03-11 12:26:08,27.4213
2025-03-11 12:26:10,27.3980
2025-03-11 12:26:12,27.4074
2025-03-11 12:26:14,27.3873
2025-03-11 12:26:16,27.3991
2025-03-11 12:26:18,27.4019
2025-03-11 12:26:20,27.3913
2025-03-11 12:26:22,27.3892
2025-03-11 12:26:24,27.3828
2025-03-11 12:26:26,27.3540
2025-03-11 12:26:28,27.3528
2025-03-11 12:26:30,27.3476
2025-03-11 12:26:32,27.3493
2025-03-11 12:26:34,27.3481
2025-03-11 12:26:36,27.3458
2025-03-11 12:26:38,27.3549
2025-03-11 12:26:40,27.3364
2025-03-11 12:26:42,27.3518
2025-03-11 12:26:44,27.3382
2025-03-11 12:26:46,27.3448
2025-03-11 12:26:48,27.3490
2025-03-11 12:26:50,27.3596
2025-03-11 12:26:52,27.3752
2025-03-11 12:26:54,27.3741
2025-03-11 12:26:56,27.3873
2025-03-11 12:26:58,27.3743
2025-03-11 12:27:00,27.3506
2025-03-11 12:27:02,27.3725
2025-03-11 12:27:04,27.3684
2025-03-11 12:27:06,27.3702
2025-03-11 12:27:08,27.3839
2025-03-11 12:27:10,27.3823
2025-03-11 12:27:12,27.3621
2025-03-11 12:27:14,27.3455
2025-03-11 12:27:16,27.3439
2025-03-11 12:27:18,27.3393
2025-03-11 12:27:20,27.3380
2025-03-11 12:27:22,27.3307
2025-03-11 12:27:24,27.3380
2025-03-11 12:27:26,27.3276
2025-03-11 12:27:28,27.3278
2025-03-11 12:27:30,27.3179
2025-03-11 12:27:32,27.3144
2025-03-11 12:27:34,27.2900
2025-03-11 12:27:36,27.2997
2025-03-11 12:27:38,27.2793
2025-03-11 12:27:40,27.2944
2025-03-11 12:27:42,27.2839
2025-03-11 12:27:44,27.2843
2025-03-11 12:27:46,27.2825
2025-03-11 12:27:48,27.2793
2025-03-11 12:27:50,27.2793
2025-03-11 12:27:52,27.2840
2025-03-11 12:27:54,27.2758
2025-03-11 12:27:56,27.2898
2025-03-11 12:27:58,27.2708
2025-03-11 12:28:00,27.2933
2025-03-11 12:28:02,27.2766
2025-03-11 12:28:04,27.2910
2025-03-11 12:28:06,27.2990
2025-03-11 12:28:08,27.2885
2025-03-11 12:28:10,27.2969
2025-03-11 12:28:12,27.2880
2025-03-11 12:28:14,27.2911
2025-03-11 12:28:16,27.2947
2025-03-11 12:28:18,27.2964
2025-03-11 12:28:20,27.2954
2025-03-11 12:28:22,27.2918
2025-03-11 12:28:24,27.2982
2025-03-11 12:28:26,27.3059
2025-03-11 12:28:28,27.3100
2025-03-11 12:28:30,27.3043
2025-03-11 12:28:32,27.3058
2025-03-11 12:28:34,27.3146
2025-03-11 12:28:36,27.3210
2025-03-11 12:28:38,27.3253
2025-03-11 12:28:40,27.3209
2025-03-11 12:28:42,27.3237
2025-03-11 12:28:44,27.3328
2025-03-11 12:28:46,27.3237
2025-03-11 12:28:48,27.3376
2025-03-11 12:28:50,27.3332
2025-03-11 12:28:52,27.3382
2025-03-11 12:28:54,27.3401
2025-03-11 12:28:56,27.3411
2025-03-11 12:28:58,27.3498
2025-03-11 12:29:00,27.3492
2025-03-11 12:29:02,27.3507
2025-03-11 12:29:04,27.3551
2025-03-11 12:29:06,27.3602
2025-03-11 12:29:08,27.3568
2025-03-11 12:29:10,27.3534
2025-03-11 12:29:12,27.3634
2025-03-11 12:29:14,27.3517
2025-03-11 12:29:16,27.3676
2025-03-11 12:29:18,27.3482
2025-03-11 12:29:20,27.3736
2025-03-11 12:29:22,27.3561
2025-03-11 12:29:24,27.3683
2025-03-11 12:29:26,27.3576
2025-03-11 12:29:28,27.3649
2025-03-11 12:29:30,27.3609
2025-03-11 12:29:32,27.3648
2025-03-11 12:29:34,27.3694
2025-03-11 12:29:36,27.3624
2025-03-11 12:29:38,27.3778
2025-03-11 12:29:40,27.3607
2025-03-11 12:29:42,27.3791
2025-03-11 12:29:44,27.3642
2025-03-11 12:29:46,27.3782
2025-03-11 12:29:48,27.3795
2025-03-11 12:29:50,27.3861
2025-03-11 12:29:52,27.3917
2025-03-11 12:29:54,27.4034
2025-03-11 12:29:56,27.4276
2025-03-11 12:29:58,27.4542
2025-03-11 12:30:00,27.4882
2025-03-11 12:30:02,27.5201
2025-03-11 12:30:04,27.5262
2025-03-11 12:30:06,27.5301
2025-03-11 12:30:08,27.5230
2025-03-11 12:30:10,27.5056
2025-03-11 12:30:12,27.4807
2025-03-11 12:30:14,27.5062
2025-03-11 12:30:16,27.4959
2025-03-11 12:30:18,27.4667
2025-03-11 12:30:20,27.4502
2025-03-11 12:30:22,27.4516
2025-03-11 12:30:24,27.4528
2025-03-11 12:30:26,27.4460
2025-03-11 12:30:28,27.4418
2025-03-11 12:30:30,27.4424
2025-03-11 12:30:32,27.4444
2025-03-11 12:30:34,27.4533
2025-03-11 12:30:36,27.4542
2025-03-11 12:30:38,27.4233
2025-03-11 12:30:40,27.4245
2025-03-11 12:30:42,27.4155
2025-03-11 12:30:44,27.4254
2025-03-11 12:30:46,27.4108
2025-03-11 12:30:48,27.4113
2025-03-11 12:30:50,27.4215
2025-03-11 12:30:52,27.4114
2025-03-11 12:30:54,27.4158
2025-03-11 12:30:56,27.4064
2025-03-11 12:30:58,27.4203
2025-03-11 12:31:00,27.4055
2025-03-11 12:31:02,27.4170
2025-03-11 12:31:04,27.4060
2025-03-11 12:31:06,27.4142
2025-03-11 12:31:08,27.4270
2025-03-11 12:31:10,27.4247
2025-03-11 12:31:12,27.4214
2025-03-11 12:31:14,27.4255
2025-03-11 12:31:16,27.4248
2025-03-11 12:31:18,27.4300
2025-03-11 12:31:20,27.4019
2025-03-11 12:31:22,27.4345
2025-03-11 12:31:24,27.4378
2025-03-11 12:31:26,27.4518
2025-03-11 12:31:28,27.4577
2025-03-11 12:31:30,27.4726
2025-03-11 12:31:32,27.4912
2025-03-11 12:31:34,27.5251
2025-03-11 12:31:36,27.5610
2025-03-11 12:31:38,27.6228
2025-03-11 12:31:40,27.6866
2025-03-11 12:31:42,27.7888
2025-03-11 12:31:44,27.7761
2025-03-11 12:31:46,27.7431
2025-03-11 12:31:48,27.7606
2025-03-11 12:31:50,27.7230
2025-03-11 12:31:52,27.6733
2025-03-11 12:31:54,27.6878
2025-03-11 12:31:56,27.6822
2025-03-11 12:31:58,27.7131
2025-03-11 12:32:00,27.7511
2025-03-11 12:32:02,27.8185
2025-03-11 12:32:04,27.8652
2025-03-11 12:32:06,27.9316
2025-03-11 12:32:08,27.9267
2025-03-11 12:32:10,27.8976
2025-03-11 12:32:12,27.9675
2025-03-11 12:32:14,28.1025
2025-03-11 12:32:16,28.1362
2025-03-11 12:32:18,28.1177
2025-03-11 12:32:20,28.2488
2025-03-11 12:32:22,28.2120
2025-03-11 12:32:24,28.1952
2025-03-11 12:32:26,28.1532
2025-03-11 12:32:28,28.2424
2025-03-11 12:32:30,28.3821
2025-03-11 12:32:32,28.4485
2025-03-11 12:32:34,28.6197
2025-03-11 12:32:36,28.7131
2025-03-11 12:32:38,28.5687
2025-03-11 12:32:40,28.4823
2025-03-11 12:32:42,28.3322
2025-03-11 12:32:44,28.2935
2025-03-11 12:32:46,28.2636
2025-03-11 12:32:48,28.2548
2025-03-11 12:32:50,28.1975
2025-03-11 12:32:52,28.2916
2025-03-11 12:32:54,28.3589
2025-03-11 12:32:56,28.3104
2025-03-11 12:32:58,27.8975
2025-03-11 12:33:00,27.6921
2025-03-11 12:33:02,27.6597
2025-03-11 12:33:04,27.8503
2025-03-11 12:33:06,28.1378
2025-03-11 12:33:08,28.3017
2025-03-11 12:33:10,28.2528
2025-03-11 12:33:12,28.0955
2025-03-11 12:33:14,27.9938
2025-03-11 12:33:16,27.9681
2025-03-11 12:33:18,27.9169
2025-03-11 12:33:20,27.7776
2025-03-11 12:33:22,27.8898
2025-03-11 12:33:24,28.2008
2025-03-11 12:33:26,28.3374
2025-03-11 12:33:28,28.3088
2025-03-11 12:33:30,28.6994
2025-03-11 12:33:32,28.8427
2025-03-11 12:33:34,28.6808
2025-03-11 12:33:36,28.7030
2025-03-11 12:33:38,28.8022
2025-03-11 12:33:40,28.6720
2025-03-11 12:33:42,28.6993
2025-03-11 12:33:44,28.7478
2025-03-11 12:33:46,28.7062
2025-03-11 12:33:48,28.6202
2025-03-11 12:33:50,28.5424
2025-03-11 12:33:52,28.5811
2025-03-11 12:33:54,28.5339
2025-03-11 12:33:56,28.5140
2025-03-11 12:33:58,28.5342
2025-03-11 12:34:00,28.5276
2025-03-11 12:34:02,28.6393
2025-03-11 12:34:04,28.4761
2025-03-11 12:34:06,28.4918
2025-03-11 12:34:08,28.5211
2025-03-11 12:34:10,28.4269
2025-03-11 12:34:12,28.4574
2025-03-11 12:34:14,28.4236
2025-03-11 12:34:16,28.4656
2025-03-11 12:34:18,28.4155
2025-03-11 12:34:20,28.5467
2025-03-11 12:34:22,28.5074
2025-03-11 12:34:24,28.4856
2025-03-11 12:34:26,28.5537
2025-03-11 12:34:28,28.4915
2025-03-11 12:34:30,28.4999
2025-03-11 12:34:32,28.5007
2025-03-11 12:34:34,28.4880
2025-03-11 12:34:36,28.4927
2025-03-11 12:34:38,28.4900
2025-03-11 12:34:40,28.5081
2025-03-11 12:34:42,28.4912
2025-03-11 12:34:44,28.5014
2025-03-11 12:34:46,28.5203
2025-03-11 12:34:48,28.4816
2025-03-11 12:34:50,28.5008
2025-03-11 12:34:52,28.5020
2025-03-11 12:34:54,28.5077
2025-03-11 12:34:56,28.4887
2025-03-11 12:34:58,28.5261
2025-03-11 12:35:00,28.4875
2025-03-11 12:35:02,28.5117
2025-03-11 12:35:04,28.5462
2025-03-11 12:35:06,28.5455
2025-03-11 12:35:08,28.5892
2025-03-11 12:35:10,28.5365
2025-03-11 12:35:12,28.4917
2025-03-11 12:35:14,28.4969
2025-03-11 12:35:16,28.4933
2025-03-11 12:35:18,28.6460
2025-03-11 12:35:20,28.6034
2025-03-11 12:35:22,28.4351
2025-03-11 12:35:24,28.3967
2025-03-11 12:35:26,28.4135
2025-03-11 12:35:28,28.4056
2025-03-11 12:35:30,28.5829
2025-03-11 12:35:32,28.4873
2025-03-11 12:35:34,28.5923
2025-03-11 12:35:36,28.6262
2025-03-11 12:35:38,28.5710
2025-03-11 12:35:40,28.5030
2025-03-11 12:35:42,28.4810
2025-03-11 12:35:44,28.4748
2025-03-11 12:35:46,28.5182
2025-03-11 12:35:48,28.4910
2025-03-11 12:35:50,28.4991
2025-03-11 12:35:52,28.4799
2025-03-11 12:35:54,28.4825
2025-03-11 12:35:56,28.4664
2025-03-11 12:35:58,28.4845
2025-03-11 12:36:00,28.5344
2025-03-11 12:36:02,28.4400
2025-03-11 12:36:04,28.4633
2025-03-11 12:36:06,28.4497
2025-03-11 12:36:08,28.4716
2025-03-11 12:36:10,28.4413
2025-03-11 12:36:12,28.4177
2025-03-11 12:36:14,28.3655
2025-03-11 12:36:16,28.3812
2025-03-11 12:36:18,28.4606
2025-03-11 12:36:20,28.4913
2025-03-11 12:36:22,28.4716
2025-03-11 12:36:24,28.4843
2025-03-11 12:36:26,28.5139
2025-03-11 12:36:28,28.4522
2025-03-11 12:36:30,28.4522
2025-03-11 12:36:32,28.4751
2025-03-11 12:36:34,28.5103
2025-03-11 12:36:36,28.4383
2025-03-11 12:36:38,28.5139
2025-03-11 12:36:40,28.4353
2025-03-11 12:36:42,28.4436
2025-03-11 12:36:44,28.4272
2025-03-11 12:36:46,28.4535
2025-03-11 12:36:48,28.4536
2025-03-11 12:36:50,28.4495
2025-03-11 12:36:52,28.4428
2025-03-11 12:36:54,28.4068
2025-03-11 12:36:56,28.4421
2025-03-11 12:36:58,28.4303
2025-03-11 12:37:00,28.4889
2025-03-11 12:37:02,28.4384
2025-03-11 12:37:04,28.4718
2025-03-11 12:37:06,28.4402
2025-03-11 12:37:08,28.4293
2025-03-11 12:37:10,28.4594
2025-03-11 12:37:12,28.4284
2025-03-11 12:37:14,28.4153
2025-03-11 12:37:16,28.4039
2025-03-11 12:37:18,28.4092
2025-03-11 12:37:20,28.4794
2025-03-11 12:37:22,28.4245
2025-03-11 12:37:24,28.4138
2025-03-11 12:37:26,28.4245
2025-03-11 12:37:28,28.4247
2025-03-11 12:37:30,28.4292
2025-03-11 12:37:32,28.4497
2025-03-11 12:37:34,28.5411
2025-03-11 12:37:36,28.4713
2025-03-11 12:37:38,28.4369
2025-03-11 12:37:40,28.4358
2025-03-11 12:37:42,28.4184
2025-03-11 12:37:44,28.4556
2025-03-11 12:37:46,28.5417
2025-03-11 12:37:48,28.4575
2025-03-11 12:37:50,28.4163
2025-03-11 12:37:52,28.4238
2025-03-11 12:37:54,28.4336
2025-03-11 12:37:56,28.4460
2025-03-11 12:37:58,28.4384
2025-03-11 12:38:00,28.4033
2025-03-11 12:38:02,28.4209
2025-03-11 12:38:04,28.4111
2025-03-11 12:38:06,28.4943
2025-03-11 12:38:08,28.4562
2025-03-11 12:38:10,28.3992
2025-03-11 12:38:12,28.4168
2025-03-11 12:38:14,28.4105
2025-03-11 12:38:16,28.4661
2025-03-11 12:38:18,28.4299
2025-03-11 12:38:20,28.4381
2025-03-11 12:38:22,28.4564
2025-03-11 12:38:24,28.4159
2025-03-11 12:38:26,28.4213
2025-03-11 12:38:28,28.4597
2025-03-11 12:38:30,28.4211
2025-03-11 12:38:32,28.4465
2025-03-11 12:38:34,28.4644
2025-03-11 12:38:36,28.4534
2025-03-11 12:38:38,28.4672
2025-03-11 12:38:40,28.4868
2025-03-11 12:38:42,28.5036
2025-03-11 12:38:44,28.4531
2025-03-11 12:38:46,28.4777
2025-03-11 12:38:48,28.4616
2025-03-11 12:38:50,28.5086
2025-03-11 12:38:52,28.4750
2025-03-11 12:38:54,28.4577
2025-03-11 12:38:56,28.4702
2025-03-11 12:38:58,28.4638
2025-03-11 12:39:00,28.4835
2025-03-11 12:39:02,28.4384
2025-03-11 12:39:04,28.4739
2025-03-11 12:39:06,28.4926
2025-03-11 12:39:08,28.4644
2025-03-11 12:39:10,28.4531
2025-03-11 12:39:12,28.4121
2025-03-11 12:39:14,28.4352
2025-03-11 12:39:16,28.4208
2025-03-11 12:39:18,28.4339
2025-03-11 12:39:20,28.4320
2025-03-11 12:39:22,28.4174
2025-03-11 12:39:24,28.4352
2025-03-11 12:39:26,28.4357
2025-03-11 12:39:28,28.4503
2025-03-11 12:39:30,28.5239
2025-03-11 12:39:32,28.5192
2025-03-11 12:39:34,28.4258
2025-03-11 12:39:36,28.4164
2025-03-11 12:39:38,28.4552
2025-03-11 12:39:40,28.4166
2025-03-11 12:39:42,28.3969
2025-03-11 12:39:44,28.4534
2025-03-11 12:39:46,28.4054
2025-03-11 12:39:48,28.4068
2025-03-11 12:39:50,28.4239
2025-03-11 12:39:52,28.4449
2025-03-11 12:39:54,28.5183
2025-03-11 12:39:56,28.5449
2025-03-11 12:39:58,28.5320
2025-03-11 12:40:00,28.4949
2025-03-11 12:40:02,28.4677
2025-03-11 12:40:04,28.4666
2025-03-11 12:40:06,28.4809
2025-03-11 12:40:08,28.4685
2025-03-11 12:40:10,28.5068
2025-03-11 12:40:12,28.5178
2025-03-11 12:40:14,28.4921
2025-03-11 12:40:16,28.5331
2025-03-11 12:40:18,28.5218
2025-03-11 12:40:20,28.4904
2025-03-11 12:40:22,28.5020
2025-03-11 12:40:24,28.5112
2025-03-11 12:40:26,28.5046
2025-03-11 12:40:28,28.5039
2025-03-11 12:40:30,28.4843
2025-03-11 12:40:32,28.5503
2025-03-11 12:40:34,28.5366
2025-03-11 12:40:36,28.5141
2025-03-11 12:40:38,28.4869
2025-03-11 12:40:40,28.4905
2025-03-11 12:40:42,28.4491
2025-03-11 12:40:44,28.4711
2025-03-11 12:40:46,28.4934
2025-03-11 12:40:48,28.4635
2025-03-11 12:40:50,28.4822
2025-03-11 12:40:52,28.4960
2025-03-11 12:40:54,28.4764
2025-03-11 12:40:56,28.5685
2025-03-11 12:40:58,28.5125
2025-03-11 12:41:00,28.5164
2025-03-11 12:41:02,28.4765
2025-03-11 12:41:04,28.4981
2025-03-11 12:41:06,28.4969
2025-03-11 12:41:08,28.5036
2025-03-11 12:41:10,28.5309
2025-03-11 12:41:12,28.5422
2025-03-11 12:41:14,28.5116
2025-03-11 12:41:16,28.5486
2025-03-11 12:41:18,28.5575
2025-03-11 12:41:20,28.5489
2025-03-11 12:41:22,28.5107
2025-03-11 12:41:24,28.5458
2025-03-11 12:41:26,28.5443
2025-03-11 12:41:28,28.5033
2025-03-11 12:41:30,28.5274
2025-03-11 12:41:32,28.5068
2025-03-11 12:41:34,28.5616
2025-03-11 12:41:36,28.5101
2025-03-11 12:41:38,28.5259
2025-03-11 12:41:40,28.5593
2025-03-11 12:41:42,28.5342
2025-03-11 12:41:44,28.5533
2025-03-11 12:41:46,28.6182
2025-03-11 12:41:48,28.5971
2025-03-11 12:41:50,28.5535
2025-03-11 12:41:52,28.5894
2025-03-11 12:41:54,28.5487
2025-03-11 12:41:56,28.5547
2025-03-11 12:41:58,28.5409
2025-03-11 12:42:00,28.5455
2025-03-11 12:42:02,28.5642
2025-03-11 12:42:04,28.5511
2025-03-11 12:42:06,28.6064
2025-03-11 12:42:08,28.5562
2025-03-11 12:42:10,28.5230
2025-03-11 12:42:12,28.5310
2025-03-11 12:42:14,28.5547
2025-03-11 12:42:16,28.5509
2025-03-11 12:42:18,28.5619
2025-03-11 12:42:20,28.5594
2025-03-11 12:42:22,28.6149
2025-03-11 12:42:24,28.5690
2025-03-11 12:42:26,28.5817
2025-03-11 12:42:28,28.6250
2025-03-11 12:42:30,28.6800
2025-03-11 12:42:32,28.5525
2025-03-11 12:42:34,28.4924
2025-03-11 12:42:36,28.5590
2025-03-11 12:42:38,28.5269
2025-03-11 12:42:40,28.5184
2025-03-11 12:42:42,28.5030
2025-03-11 12:42:44,28.5091
2025-03-11 12:42:46,28.5025
2025-03-11 12:42:48,28.5334
2025-03-11 12:42:50,28.5866
2025-03-11 12:42:52,28.5067
2025-03-11 12:42:54,28.5046
2025-03-11 12:42:56,28.5116
2025-03-11 12:42:58,28.5003
2025-03-11 12:43:00,28.5110
2025-03-11 12:43:02,27.1854
2025-03-11 12:43:04,27.0249
2025-03-11 12:43:06,27.0359
2025-03-11 12:43:08,27.0631
2025-03-11 12:43:10,27.1908
2025-03-11 12:43:12,27.9987
2025-03-11 12:43:14,28.3800
2025-03-11 12:43:16,28.5671
2025-03-11 12:43:18,28.6579
2025-03-11 12:43:20,28.6808
2025-03-11 12:43:22,28.6509
2025-03-11 12:43:24,28.6537
2025-03-11 12:43:26,28.6344
2025-03-11 12:43:28,28.6033
2025-03-11 12:43:30,28.6053
2025-03-11 12:43:32,28.6611
2025-03-11 12:43:34,28.5884
2025-03-11 12:43:36,28.5311
2025-03-11 12:43:38,28.5019
2025-03-11 12:43:40,28.4379
2025-03-11 12:43:42,28.3890
2025-03-11 12:43:44,28.3584
2025-03-11 12:43:46,28.7214
2025-03-11 12:43:48,28.8585
2025-03-11 12:43:50,28.7748
2025-03-11 12:43:52,28.8877
2025-03-11 12:43:54,28.8493
2025-03-11 12:43:56,28.7461
2025-03-11 12:43:58,28.4974
2025-03-11 12:44:00,28.4965
2025-03-11 12:44:02,28.6117
2025-03-11 12:44:04,28.4789
2025-03-11 12:44:06,28.4861
2025-03-11 12:44:08,28.5393
2025-03-11 12:44:10,28.5188
2025-03-11 12:44:12,28.5916
2025-03-11 12:44:14,28.4912
2025-03-11 12:44:16,28.4463
2025-03-11 12:44:18,28.4659
2025-03-11 12:44:20,28.4449
2025-03-11 12:44:22,28.4967
2025-03-11 12:44:24,28.4608
2025-03-11 12:44:26,28.6282
2025-03-11 12:44:28,28.6513
2025-03-11 12:44:30,28.6278
2025-03-11 12:44:32,28.4409
2025-03-11 12:44:34,28.4861
2025-03-11 12:44:36,28.4860
2025-03-11 12:44:38,28.5067
2025-03-11 12:44:40,28.4873
2025-03-11 12:44:42,28.5911
2025-03-11 12:44:44,28.6209
2025-03-11 12:44:46,28.5702
2025-03-11 12:44:48,28.5658
2025-03-11 12:44:50,28.5142
2025-03-11 12:44:52,28.5331
2025-03-11 12:44:54,28.5331
2025-03-11 12:44:56,28.5552
2025-03-11 12:44:58,28.5337
2025-03-11 12:45:00,28.5441
2025-03-11 12:45:02,28.5467
2025-03-11 12:45:04,28.5576
2025-03-11 12:45:06,28.5515
2025-03-11 12:45:08,28.5567
2025-03-11 12:45:10,28.5795
2025-03-11 12:45:12,28.5574
2025-03-11 12:45:14,28.6263
2025-03-11 12:45:16,28.6923
2025-03-11 12:45:18,28.5599